-- MySQL dump 10.13  Distrib 5.6.17, for Win64 (x86_64)
--
-- Host: localhost    Database: asesoresinm_db
-- ------------------------------------------------------
-- Server version	5.6.17

/*!40101 SET @OLD_CHARACTER_SET_CLIENT=@@CHARACTER_SET_CLIENT */;
/*!40101 SET @OLD_CHARACTER_SET_RESULTS=@@CHARACTER_SET_RESULTS */;
/*!40101 SET @OLD_COLLATION_CONNECTION=@@COLLATION_CONNECTION */;
/*!40101 SET NAMES utf8 */;
/*!40103 SET @OLD_TIME_ZONE=@@TIME_ZONE */;
/*!40103 SET TIME_ZONE='+00:00' */;
/*!40014 SET @OLD_UNIQUE_CHECKS=@@UNIQUE_CHECKS, UNIQUE_CHECKS=0 */;
/*!40014 SET @OLD_FOREIGN_KEY_CHECKS=@@FOREIGN_KEY_CHECKS, FOREIGN_KEY_CHECKS=0 */;
/*!40101 SET @OLD_SQL_MODE=@@SQL_MODE, SQL_MODE='NO_AUTO_VALUE_ON_ZERO' */;
/*!40111 SET @OLD_SQL_NOTES=@@SQL_NOTES, SQL_NOTES=0 */;

--
-- Table structure for table `asesor_curso`
--

DROP TABLE IF EXISTS `asesor_curso`;
/*!40101 SET @saved_cs_client     = @@character_set_client */;
/*!40101 SET character_set_client = utf8 */;
CREATE TABLE `asesor_curso` (
  `id` int(11) NOT NULL AUTO_INCREMENT,
  `asesor_id` int(11) NOT NULL,
  `curso_id` int(11) NOT NULL,
  PRIMARY KEY (`id`)
) ENGINE=InnoDB AUTO_INCREMENT=12 DEFAULT CHARSET=latin1;
/*!40101 SET character_set_client = @saved_cs_client */;

--
-- Dumping data for table `asesor_curso`
--

LOCK TABLES `asesor_curso` WRITE;
/*!40000 ALTER TABLE `asesor_curso` DISABLE KEYS */;
INSERT INTO `asesor_curso` VALUES (6,1,4),(7,1,3),(8,1,5),(9,1,6),(10,1,7),(11,6,9);
/*!40000 ALTER TABLE `asesor_curso` ENABLE KEYS */;
UNLOCK TABLES;

--
-- Table structure for table `asesores`
--

DROP TABLE IF EXISTS `asesores`;
/*!40101 SET @saved_cs_client     = @@character_set_client */;
/*!40101 SET character_set_client = utf8 */;
CREATE TABLE `asesores` (
  `id` int(11) unsigned NOT NULL AUTO_INCREMENT,
  `nombre_razon` varchar(65) DEFAULT '',
  `apellido_paterno` varchar(45) DEFAULT '',
  `apellido_materno` varchar(45) DEFAULT '',
  `rfc` varchar(15) DEFAULT '',
  `id_tipo_persona` int(2) NOT NULL,
  `cve_municipio` varchar(3) NOT NULL,
  `colonia_region` varchar(45) DEFAULT '',
  `calle` varchar(85) DEFAULT '',
  `manzana` varchar(12) DEFAULT '',
  `numero_interior` varchar(12) DEFAULT '',
  `numero_exterior_lote` varchar(12) DEFAULT '',
  `codigo_postal` varchar(8) DEFAULT '',
  `telefono` varchar(10) DEFAULT '',
  `celular` varchar(10) DEFAULT '',
  `email` varchar(65) DEFAULT '',
  `doctos_faltantes` text,
  `id_usuario_genero` int(11) DEFAULT '0',
  `id_usuario` int(11) NOT NULL,
  `referencia` varchar(20) NOT NULL,
  `matricula` varchar(30) NOT NULL,
  `localidad` varchar(100) NOT NULL,
  `fecha_matriculacion` date NOT NULL,
  `src` varchar(100) DEFAULT NULL,
  `fecha_impresion` date DEFAULT NULL,
  `afiliado` varchar(80) DEFAULT NULL,
  PRIMARY KEY (`id`),
  UNIQUE KEY `id` (`id`)
) ENGINE=MyISAM AUTO_INCREMENT=241 DEFAULT CHARSET=utf8 PACK_KEYS=0;
/*!40101 SET character_set_client = @saved_cs_client */;

--
-- Dumping data for table `asesores`
--

LOCK TABLES `asesores` WRITE;
/*!40000 ALTER TABLE `asesores` DISABLE KEYS */;
INSERT INTO `asesores` VALUES (9,'PROPERTY CONSULTANS REAL ESTATE S. A. DE C.V.','','','PCR120327P19',2,'008','EJIDO SUR','CALLE AV. 115 ARCO VIAL LOTE 02','02','','S/N','77712','9842672449','','yarias@topmre.com','EMPRESA REPRESENTANTE THOMAS LUIS LLOYD PRECIADO.',0,29,'72081038065827107','PCR120327P19MR008000009','PLAYA DEL CARMEN, QUINTANA ROO.','2015-05-28','assets/imagenes/asesores/property_thomas.jpg','2015-11-12',''),(8,'CONTRABLOCK S.A. DE C.V.','','','CON051031NN9',2,'004','ANTORCHISTAS','CALZADA DEL CENTENARIO LOTE 285','FRACCIÓN 1 B','','S/N.','77014','9832852300','9838358813','fj_realestate@hotmail.com','Se observo que debe corregir su solicitud e indicar su listado de las personas físicas que como asesores inmobiliarios prestan esos servicios en nombre de la persona juridica mismos de los que sera directamente responsable.',0,29,'','CON051031NN9MR004000008','CHETUMAL','2015-05-27','',NULL,NULL),(7,'BE AQA, S. A. DE C. V. INTER BROKERS','','','BAQ140401EX5',2,'005','SUPERMANZANA19','AV. NICHUPTÉ, LOTE 19','02','','lLOCAL 204','77505','9988839833','','ibiztogo@gmail.com','REP. LEGAL ES LIC. HERMILO LOPEZ SANCHEZ.\r\nINSCRIPCIÓN PAGO: 72023514375827110',0,29,'72014923216323540','BAQ140401EX5MR005000007','CANCÚN, QUINTANA ROO','2015-05-27','assets/imagenes/asesores/interbrokers_hermilio.jpg','2017-01-13',''),(10,'ASOCIACIÓN MEXICANA DE PROFESIONALES INMOBILIARIOS, A. C.','','','AMP970829EV1',3,'005','SUPERMANZANA 11','AVENIDA ACANCEH  LOTE 3 PLAZA TERRAVIVA PISO 3B 303 SM 11','02','OFICINA 303','S/N.','77580','9988876101','','presidente.cancun@ampi.org','*INSCRIPCIÓN (12 NOVIEMBRE 2015)\r\n REFERENCIA  DE PAGO:72023521475827188.\r\n PRESIDENTE LIC. MIGUEL A. LEMUS MATEOS\r\n*RENOVACIÓN (05 DICIEMBRE 2016)\r\n REFERENCIA  DE PAGO:72025884826291544.\r\n PRESIDENTE LIC. JAMES TOBIN CUNNINGHAM\r\n\r\n\r\n',0,29,'72025884826291544','AMP970829EV1AI005000010','CANCÚN, QUINTANA ROO.','2015-06-10','assets/imagenes/asesores/james_tobin.bmp','2016-11-28',''),(11,'AMIGO PACO BIENES RAÍCES S.A. DE C.V.','','','APB870420P65',2,'005','SUPERMANZANA 2-A ','AV. NADER (EDIFICIO MARRUECOS)','','LOCAL 05','40','77511','9988871204','9981473035','paco@amigopaco.com','REPRESENTANTE LEGAL EL C. JOSÉ FRANCISCO GÓMEZ ROSALES. ( AFILIADO AL A.M.P.I.)\r\nPAGO INSCRIP. MAT Y ACRED 72023564395827130',0,31,'72026915696508841','APB870420P65MR005000011','CANCÚN, QUINTANA ROO','2015-06-25','assets/imagenes/asesores/25AMIGO_PACOB.jpg','2017-06-27',''),(12,'DESARROLLO ESENCIAL, SOCIEDAD ANÓMINA DE CAPITAL VARIABLE.','','','DES0812035K1',2,'005','FRACCIONAMIENTO RESIDENCIAL LAS AMERICAS','CALLE SALVADOR , LOTE 01, SMZA 57, CANCÚN, Q. ROO.','18','','01','77500','9988876101','','gerentecancun@cancun.ampi.org','REPRESENTANTE LEGAL EL C. ARTURO GASTÓN CASTELLANOS SALINAS.  (AFILIADO AL A.M.P.I.)\r\n*INSCRIPCIÓN PAGO: 72023589395827156',0,29,'72025981956323585','DES0812035K1MR005000012','CANCÚN, QUINTANA ROO.','2015-06-25','assets/imagenes/asesores/arturocastellanos_salinas.jpg','2017-01-13',''),(13,'EDICORP, SOCIEDAD ANÓNIMA DE CAPITAL VARIABLE.','','','EDI080620FT1',2,'005','SUPERMANZANA 25','CALLE GUANÁBANA , LOTE 13,  CANCÚN Q. ROO','13','','38-A','77508','9988994080','','gerentecancun@cancun.ampi.org','REPRESENTANTE LEGAL EL C. ADRIÁN ORTIZ CALERO.  (AFILIADO AL A.M.P.I.)',0,29,'','EDI080620FT1MR005000013','CANCÚN','2015-06-25','assets/imagenes/asesores/EDICORP.jpg',NULL,NULL),(14,'GRUPO LUYALA, SOCIEDAD ANÓNIMA DE CAPITAL VARIABLE. ','','','GLU100430F61',2,'005','ZONA HOTELERA','BOULEVARD KUKULCAN KM 3.5, LOCAL 3 ZONA HOTELERA, CANCúN QUINTANA ROO.','52','','S/N.','77500','9988876101','','gerentecancun@cancun.ampi.org','REPRESENTANTE LEGAL EL C. LUIS ARTURO MIRABENT PIZARRO SUÁREZ (AFILIADO AL A.M.P.I.)',0,29,'72023549135827182','GLU100430F61MR005000014','CANCÚN, QUINTANA ROO.','2015-06-25','assets/imagenes/asesores/luis_mirabent1.jpg','2017-01-21',''),(15,'GRUPO PARAGÓN, SOCIEDAD ANÓNIMA DE CAPITAL VARIABLE.','','','GPA0404427E55',2,'005','ZONA HOTELERA, PLAZA NAUTILUS','ZONA HOTELERA, LOTE 9-0B, PLAZA NAUTILUS, SMZA. 030, CANCÚN, Q. ROO.','030','LOCAL 55','S/N.','77500','9988876101','9982410329','gerentecancun@cancun.ampi.org','El representante Legal es el C. JUAN PABLO MIRABENT PIZARRO SUÁREZ. Miembro del (A.M.P.I.)',0,29,'','GPA0404427E55MR005000015','CANCÚN','2015-06-29','',NULL,NULL),(16,'ORGANIZACIÓN CORPORATIVA DE SERVICIOS, SOCIEDAD ANÓNIMA DE CAPITA','','','OCS081201644',2,'005','SUPERMANZANA 04','AV. TULUM , LOTE 1, SMZA 04, CANCúN Q. ROO.','13','','226','77500','9988839995','9988994310','wjtobin@housebook.com.mx','El Representante Legal es el C. WEXFORD JAMES TOBIN CUNNINGHAM. Afiliado al  (A.M.P.I.).',0,29,'','OCS081201644MR005000016','CANCÚN','2015-06-29','',NULL,NULL),(17,'INMOBILIARIA PATY CARDONA, SOCIEDAD ANÓNIMA DE CAPITAL VARIABLE.','','','IPC050520RT4',2,'005','SUPERMANZANA 20.','AV. LABNA, LOTE-82 , SMZA-20. CANCÚN, Q. ROO.','16','','73','77500','9988876101','8872820','patycardona@prodigy.net.mx','El Representante Legal es la C. JUANA PATRICIA CARDONA HUERTA. Miembro del (A.M.P.I.)',0,29,'72023663075827172','IPC050520RT4MR005000017','CANCÚN','2015-06-29','assets/imagenes/asesores/paty_cardona.jpg','2016-02-18',''),(18,'PROMOTORA MEXICANA TURÍSTICA,SOCIEDAD ANÓNIMA DE CAPITAL VARIABLE','','','PMT100310FC5',2,'005','SUPERMANZANA 03.','AV. BONAMPAK','11','','LT 69-70','77500','9988876101','9982410329','gerentecancun@cancun.ampi.org','El Representante Legal es el  C. MIGUEL ÁNGEL LEMUS MATEOS.. Miembro del (A.M.P.I.)\r\n*INSCRIPCIÓN PAGO:72023537195827195 ',0,29,'72026002346323553','PMT100310FC5MR005000018','CANCÚN, QUINTANA ROO','2015-06-29','assets/imagenes/asesores/miguel_lemmus.jpg','2017-01-13',''),(19,'SEG PRE, SOCIEDAD ANÓNIMA DE CAPITAL VARIABLE.','','','SPR030421LGA',2,'005','SUPERMANZANA 03.','CALLE CAZON , LOTE 24 SMZA 03 CANCúN Q. ROO.','08','','24','77506','9988876101','9982410329','gerentecancun@cancun.ampi.org','El Representante Legal es la C. JORGE CARREOLA NAVA. . Miembro del (A.M.P.I.)\r\nINSCRIPCION 72024016295889968',0,31,'72025890716291568','SPR030421LGAMR005000019','CANCUN','2015-06-29','assets/imagenes/asesores/21SER_PREsadecv.jpg','2017-03-22',''),(20,'SOFIAMAR BIENES RAICES, SOCIEDAD CIVIL. ','','','SBR050812AI0',2,'005','RESIDENCIAL ALBORADA','AV. ANDRES QUINTANA ROO Y AURORA  SMZA 44','04','','26','77506','9988876101','9982410329','gerentecancun@cancun.ampi.org','El Representante Legal es la C. MARÍA JUANA SOFÍA MARTÍNEZ BETANCORT.. Miembro del (A.M.P.I.)\r\nINSCRIPCION MAT. Y ACRED. 72023930495889932',0,31,'72015889506478886','SBR050812AI0MR005000020','CANCÚN, QUINTANA ROO','2015-06-29','assets/imagenes/asesores/7SOFIAMAR_BIENES.JPG','2017-06-27',''),(44,'MARIA MONICA','MENDEZ','DE LA CRUZ','MECM671014G17',1,'005','SUPERMANZANA 03','AV. BONAMPAK LOTE 29 ','20','LOCAL 01','77',' 77500','9988839228','9988457736','gerentecancun@cancun.ampi.org','MIEMBRO DEL A.M.P.I.\r\nINSCRIPCIÓN PAGO: 72023656235827186',0,29,'72025890326291527','MECM671014G17FS005000044','CANCÚN, QUINTANA ROO.','2015-06-30','assets/imagenes/asesores/monica_mendez.JPG','2017-01-13','ASOCIADA  A.M.P.I. DEL ESTADO DE QUINTANA ROO. AMP970829EV1AI005000010'),(21,'ADRIÁN','ORTIZ ','CALERO','OICA760913KY4',1,'005','SUPERMANZANA 25','CALLE GUANABANA  ','13','','38-A','77509','9988994080','9982410329','gerentecancun@cancun.ampi.org','Miembro del (A.M.P.I.)',0,29,'72024711266074217','OICA760913KY4FS005000021','CANCÚN','2015-06-29','assets/imagenes/asesores/adrian_ortiz.jpeg','2017-01-13','AFILIADO A LA A.M.P.I. DEL ESTADO DE Q. ROO. MATRICULA OICD760813KY4DS006000022'),(22,'AMADA ','ARCEO ','GIORGANA.','AEGA500811L76',1,'005','SUPERMANZANA 26','AV. COBA , SMZA 26,  L-40. CANCÚN, Q. ROO.','17','','EDIFICIO 107','77509','9988876101','9982410329','gerentecancun@cancun.ampi.org','Miembro del (A.M.P.I.).',0,29,'72023683485827176','AEGA500811L76FS005000022','CANCÚN','2015-06-29','assets/imagenes/asesores/amada_arceo.jpg','2016-02-18','ASOCIADO A.M.P.I. DEL ESTADO DE QUINTANA ROO. AMP970829EV1AI005000010 '),(23,'ARTURO GASTÓN ','CASTELLANOS',' SALINAS','CASA621103RW6',1,'005','FRACC. LAS AMERICAS','CASA 1 LOTE 01 CL 13, SMZA 57, CANCÚN, QUINTANA ROO.','08','','01','77506','9988876101','9982410329','gerentecancun@cancun.ampi.org','Miembro del (A.M.P.I.)\r\n*INSCRIPCIÓN PAGO: 72023589195827130',0,29,'72025981846323561','CASA621103RW6FS005000023','CANCÚN, QUINTANA ROO.','2015-06-29','assets/imagenes/asesores/arturocastellanos_salinas.jpg','2017-01-13','ASOCIADO A.M.P.I. DEL ESTADO DE QUINTANA ROO. AMP970829EV1AI005000010 '),(24,'CANDELARIA ','QUINTAL ','GONZÁLEZ','QUGC510216QK9',1,'005','SUPERMANZANA 31','AV. ITZAL  LOTE 10,  SMZA-31, CANCÚN, Q. ROO. ','01','','S/N','77508','9988876101','9982410329','gerentecancun@cancun.ampi.org','Miembro del (A.M.P.I.)\r\nInscripción pago: 72023500665796138',0,29,'72025890306291505','QUGC510216QK9FS005000024','CANCÚN, QUINTANA ROO.','2015-06-29','assets/imagenes/asesores/candelaria_quintal.jpg','2017-01-13','ASOCIADO A.M.P.I. DEL ESTADO DE QUINTANA ROO. AMP970829EV1AI005000010'),(25,'CARLOS ALBERTO ','MALDONADO ','TRILLO','MATC830828PM2',1,'005','SUPERMANZANA 17','CALLE PUNTA PIEDRA , LOTE 12','05','01','S/N.','77505','9988876101','9982410329','gerentecancun@cancun.ampi.org','Miembro del (A.M.P.I.)\r\n*INSCRIPCIÓN PAGO: 72023522445827172',0,29,'72025890366291571','MATC830828PM2FS005000025','CANCÚN, QUINTANA ROO.','2015-06-29','assets/imagenes/asesores/carlos_maldonadorenov.jpg','2017-01-13','ASOCIADO A.M.P.I. DEL ESTADO DE QUINTANA ROO. AMP970829EV1AI005000010'),(26,'CRUSITA NOEMI ','CASTILLO ','ESPADAS','CAEC610503GA4',1,'005','SUPERMANZANA 32','CALLE. IXCUN , LOTE 2 SMZA. 32, CANCÚN, Q. ROO.','01','','EDIFICIO YOA','77508 ','9988835104','9982142688','n_alvarez@cacunvacationandhomes.com','Miembro del (A.M.P.I.)',0,29,'72023534585827185','CAEC610503GA4FS005000026','CANCÚN, QUINTANA ROO.','2015-06-29','assets/imagenes/asesores/crusita_noemi2.JPG','2017-01-22','ASOCIADO A.M.P.I. DEL ESTADO DE QUINTANA ROO. AMP970829EV1AI005000010 '),(27,'ESPERANZA MARIA','SALGADO ','FLORES','SAFE510310MF5',1,'005','RESIDENCIAL CAMPESTRE','SM 309, LT 73, CANCUN, Q. ROO.','06','','S/N.','77560','9988821206','','gerentecancun@cancun.ampi.org ,  esperanzasalgado@yahoo.com.mx','MIEMBRO DEL A.M.P.I, Q. ROO.\r\n*INSCRIPCIÓN PAGO: 72023560435827106',0,29,'72025890666291513','SAFE510310MF5FS005000027','CANCÚN, QUINTANA ROO.','2015-06-29','assets/imagenes/asesores/esperanza_salgado.jpg','2017-01-13','ASOCIADO A.M.P.I. DEL ESTADO DE QUINTANA ROO. AMP970829EV1AI005000010 '),(28,'FLORA','JIMENEZ','BETANCOURT','JIBF6204136C4',1,'005','RESIDENCIAL VILLA MAGNA','CALLE NIZA  LOTE 15 SM 310, CANCUN, Q. R','34','','15','77560','9982100245','9981967786','gerentecancun@cancun.ampi.org ,    florajimenezb@gmail.com','MIEMBRO DEL A.M.P.I, Q. ROO.\r\nPAGO DE INSCRIPCIÓN: 72023652545827168',0,29,'72026011806323576','JIBF6204136C4FS005000028','CANCÚN, QUINTANA ROO.','2015-06-29','assets/imagenes/asesores/flora_betancourt.jpg','2017-01-21','ASOCIADO A.M.P.I. DEL ESTADO DE QUINTANA ROO. AMP970829EV1AI005000010 '),(29,'GUILLERMO','JIMENEZ ','BETANCOURT','JIBCG640323EJ7',1,'005','SUPERMANZANA 03.','RETORNO ROBALO, LT 3 SM 3, CANCUN, Q. ROO','08','','70','77500','9981473135','9982410329','guillermo@cancunyou.mx','MIEMBRO DEL A.M.P.I, Q. ROO.\r\nInscripción pago 72023528675827139',0,29,'72023528675827139','JIBCG640323EJ7FS005000029','CANCÚN, QUINTANA ROO.','2015-06-29','assets/imagenes/asesores/guillermo_betancourt.jpg','2017-01-22','ASOCIADO A.M.P.I. DEL ESTADO DE QUINTANA ROO. AMP970829EV1AI005000010 '),(30,'HEIDI ','WOSAK','','WOHE701217MS3',1,'005','SUPERMANZANA 16','AV. NIZUC, LT 11 SM 16, CANCUN, Q. RO','01','DEPTO. 03','S/N.','77505','9988848032','9988466525','gerentecancun@cancun.ampi.org ,   heidiwosak@cancun-realors.com','MIEMBRO DEL A.M.P.I, Q. ROO.\r\nPAGO DE INSCRIPCIÓN: 72023664905827132',0,29,'72026011236323531','WOHE701217MS3FS005000030','CANCÚN, QUINTANA ROO.','2015-06-29','assets/imagenes/asesores/heidi_wosak.JPG','2017-01-22','ASOCIADO A.M.P.I. DEL ESTADO DE QUINTANA ROO. AMP970829EV1AI005000010 '),(31,'JESUS OCTAVIO','CORRO ','PLATA','COPJ6303132Y1',1,'005','SUPERMANZANA 18','AV. XPUHIL, LT 82, SM 18, CANCUN, Q. ROO','17','','10','77505','9981476002','',' jcorro@corroypetit.com','MIEMBRO DEL A.M.P.I, Q. ROO.\r\nINSCRIPCIÓN PAGO:72023585515827123',0,29,'72025890246291536','COPJ6303132Y1FS005000031','CANCÚN, QUINTANA ROO.','2015-06-29','assets/imagenes/asesores/jesus_corro.jpg','2017-01-13','ASOCIADO A.M.P.I. DEL ESTADO DE QUINTANA ROO. AMP970829EV1AI005000010 '),(32,'JORGE','CARREOLA ','NAVA','CANJ620808S36',1,'005','SUPERMANZANA 12','CALLE CONTOY , MZ 32 LT3 SM 12, CANCUN, Q. ROO','32','DEPTO 101','S/N.','77504','9988876101','9982410329','gerentecancun@cancun.ampi.org','MIEMBRO DEL A.M.P.I, Q. ROO.\r\n*INSCRIPCIÓN PAGO:72023549165827118',0,29,'72025890806291570','CANJ620808S36FS005000032','CANCÚN, QUINTANA ROO.','2015-06-29','assets/imagenes/asesores/jorge_carreola.jpg','2017-01-21','ASOCIADO A.M.P.I. DEL ESTADO DE QUINTANA ROO. AMP970829EV1AI005000010 '),(33,'JORGE EDUARDO ','NOLASCO ','MARTÍNEZ','NOMJ6102123KA',1,'005',' RESIDENCIAL LAS AMÉRICAS','CALLE  BRASIL, LT 5 SM 57, CANCÚN, Q. ROO.','32','','S/N.','77533','9988876101','9982410329','gerentecancun@cancun.ampi.org','MIEMBRO DEL A.M.P.I, Q. ROO.\r\n*INSCRIPCIÓN PAGO: 72023674715827136',0,29,'72025890036291596','NOMJ6102123KAFS005000033','CANCÚN, QUINTANA ROO','2015-06-29','assets/imagenes/asesores/jorge_nolasco.jpg','2017-01-13','ASOCIADO A.M.P.I. DEL ESTADO DE QUINTANA ROO. AMP970829EV1AI005000010 '),(34,'JORGE FRANCISCO ','ALEMAN','YUDICO','AEYJ720929HK1',1,'005','PLAZA ALAMOS','AV. COLOSIO, SM 311, LT 3, CANCUN, Q. ROO','26','LOCAL 107','S/N.',' 77560','9981127091','9981477116','gerentecancun@cancun.ampi.org,       jorge@alemanbienesaices.com','MIEMBRO DEL A.M.P.I, Q. ROO.',0,29,'72023668195827195','AEYJ720929HK1FS005000034','CANCÚN, QUINTANA ROO.','2015-06-29','assets/imagenes/asesores/jorge_aleman.jpg','2017-01-16','ASOCIADO A.M.P.I. DEL ESTADO DE QUINTANA ROO. AMP970829EV1AI005000010 '),(35,'JUAN PABLO MIRABENT ','PIZARRO ','SUAREZ','MIPJ6512232G4',1,'005','ZONA HOTELERA PLAZA NAUTILIS','ZONA HOTELERA LT 9-0B, PLAZA NAUTILUS SM 030, CANCUN, Q. ROO','','LOCAL 55','S/N.','77500','9988876101','9982410329','gerentecancun@cancun.ampi.org','MIEMBRO DEL A.M.P.I, Q. ROO.',0,29,'72023920775889930','MIPJ6512232G4FS005000035','CANCÚN, QUINTANA ROO.','2015-06-29','assets/imagenes/asesores/juanpablo_mirabent.png','2015-11-12','ASOCIADO A.M.P.I. DEL ESTADO DE QUINTANA ROO. AMP970829EV1AI005000010'),(36,'JUANA LUISA','HUERTA ','BETANZO','HUBJ560824767',1,'005','SUPERMANZANA 50 FRACC. SAN SEBASTIAN','CALLE SAC LOL, LT 17.','25','','17','77534','9988482091','9988452635','juanita@4Dbienesraices.com','MIEMBRO DEL A.M.P.I, Q. ROO.',0,29,'7203680285827765','HUBJ560824767FS005000036','CANCÚN','2015-06-29','assets/imagenes/asesores/juana_huerta.jpg','2016-02-16','ASOCIADA A.M.P.I. DEL ESTADO DE QUINTANA ROO. AMP970829EV1AI005000010'),(37,'KARINA DEBORA','SAYED','','SAKA730701JY1',1,'008','CENTRO','CALLE 34 NORTE ENTRE 10 Y 20 LT 1,','','LOCAL 3 ','S/N','77710','9841121408','9848031100','karina_sayed@hotmail.com','MIEMBRO DEL A.M.P.I, Q. ROO.\r\nINSCRIPCIÓN PAGO: 72081035575827132',0,31,'72081991066291509','SAKA730701JY1FS008000037','PLAYA DEL CARMEN, QUINTANA ROO','2015-06-29','assets/imagenes/asesores/17Sayed_Karinadebora.jpg','2017-03-22','ASOCIADA  A.M.P.I. DEL ESTADO DE QUINTANA ROO. AMP970829EV1AI005000010'),(38,'KARLA VERONICA','BUGEDA ','MAGAÑA','BUMK720722E49',1,'005','SUPERMANZANA 84','AV. JOSE LOPEZ PORTILLO, LT 1-02 SM 84, CANCúN, Q ROO.','14','','S/N','77525','9982417436','','bharmony.re@gmail.com','MIEMBRO DEL A.M.P.I, Q. ROO.\r\nINSCRIPCION PAGO: 72023578765827139',0,29,'72014855816291566','BUMK720722E49FS005000038','CANCÚN, QUINTANA ROO.','2015-06-29','assets/imagenes/asesores/karla_bugedaa.jpg','2017-01-13','ASOCIADO A.M.P.I. DEL ESTADO DE QUINTANA ROO. AMP970829EV1AI005000010 '),(39,'LAURA VIVIANA','ORTIZ ','FERNANDEZ','OIFL760711MQ1',1,'005','SUPERMANZANA 25','CALLE GUANABANA, L 13 SM 25. CANCúN Q. ROO.','13','','38-A','77509','9988984080','','','MIEMBRO DEL A.M.P.I, Q. ROO.',0,29,'','OIFL760711MQ1FS005000039','CANCÚN','2015-06-29','',NULL,NULL),(40,'LOURDES NINETTE','GONZÁLEZ ','DE LEON','GOLL550506K31',1,'005','SUPERMANZANA 15','AV. ACANCEH CIRCUITO COPAN SM 15, L-1 E00-1. CANCúN , Q. ROO.','01','','S/N','77505',' 998122065','','mariscalmom@hotmail.com, ramar14@outlook.com','MIEMBRO DEL A.M.P.I, Q. ROO.\r\n*INSCRIPCIÓN PAGO: 72023662815827193',0,29,'72025890056291521','GOLL550506K31FS005000040','CANCÚN, QUINTANA ROO.','2015-06-29','assets/imagenes/asesores/lourdes_ninett.jpg','2017-01-13','ASOCIADO A.M.P.I. DEL ESTADO DE QUINTANA ROO. AMP970829EV1AI005000010 '),(41,'LUIS ARTURO MIRABENT ','PIZARRO','SUAREZ','MIPL630623638',1,'005','ZONA HOTELERA','BLVD. KUKULCAN KM. 12.5, CONDOMINIO ISLA DORADA  ISLA MARINA','','','22','77500','9988876101','9982410329','lumipis@yahoo.com.mx','ASOCIADO, AFILIADO Y MIEMBRO DEL A.M.P.I, Q. ROO. PAGO DE INSCRIPCIÓN: 72023549125827171',0,29,'72025987856323577','MIPL630623638FS005000041','CANCÚN, QUINTANA ROO.','2015-06-29','assets/imagenes/asesores/luis_mirabent1.jpg','2017-01-21','ASOCIADO A.M.P.I. DEL ESTADO DE QUINTANA ROO. AMP970829EV1AI005000010'),(42,'LUIS FLORENCIO','ALARCON ','CASTILLO','AACL680605UR9',1,'005','SUPERMANZANA 56','AV. DE LAS TORRES, LT 02 ','02','','18','77533',' 998112682','9981854295','info@realtorinmexico.com','MIEMBRO DEL A.M.P.I, Q. ROO.\r\n*INSCRIPCIÓN PAGO: 72023540835827120',0,29,'72026001616323542','AACL680605UR9FS005000042','CANCÚN, QUINTANA ROO','2015-06-29','assets/imagenes/asesores/florencio_alarcon.jpeg','2017-01-16','ASOCIADO A.M.P.I. DEL ESTADO DE QUINTANA ROO. AMP970829EV1AI005000010'),(43,'MARIA DEL SOCORRO','GONZALEZ ','SMITH','GOSS7303011RU3',1,'005','SUPERMANZANA 31','RETORNO MADERO,LT-1, SM 31, CANCÚN, Q. ROO.','09','','25','77508','9988870358','9981391007','cogambr@hotmail.com','MIEMBRO DEL A.M.P.I, Q. ROO.\r\nINSCRIPCIÓN PAGO: 72023560205827144',0,29,'72025890486291509','GOSS7303011RU3FS005000043','CANCÚN, QUINTANA ROO.','2015-06-29','assets/imagenes/asesores/maria_smith.jpg','2017-01-13','ASOCIADO A.M.P.I. DEL ESTADO DE QUINTANA ROO. AMP970829EV1AI005000010 '),(45,'MARIA SOLEDAD','SEGURA ','CUERVO','SECS520725779',1,'005','COL. CENTRO','CALLE ROBALO LT 63 SM 3','11','','S/N.','77500','9988832886','9981478964','gerentecancun@cancun.ampi.org','MIEMBRO DEL A.M.P.I.\r\nINSCRIPCIÓN PAGO 72023565475827138',0,29,'72025890626291566','SECS520725779FS005000045','CANCÚN, QUINTANA ROO.','2015-06-30','assets/imagenes/asesores/maria_soledad.jpg','2017-01-13','ASOCIADO A.M.P.I. DEL ESTADO DE QUINTANA ROO. AMP970829EV1AI005000010 '),(46,'MARIA TAYDE','FAVILA','SORANIO','FAST750208RU5',1,'005','FRACC. PEHALTUN','CALLE PEHALTUN, LOTE 8, SM 505','3','','8','77508','9982678185','','tayde0@hotmail.com','MIEMBRO DEL A.M.P.I.',0,29,'72023659245827151','FAST750208RU5FS005000046','CANCÚN, QUINTANA ROO.','2015-06-30','assets/imagenes/asesores/maria_tayde.jpg','2015-11-12','ASOCIADO A.M.P.I. DEL ESTADO DE QUINTANA ROO. AMP970829EV1AI005000010 '),(47,'MARY','KATHLEEN','GOODRICH','GOMA720214QL4',1,'005','SUPERMANZANA 16','AV. NIZUC 9-1 BLOQUE L L2B CONDOMINIO 2 PISO','','','S/N.','77508','9982677811','9981845266','mary@c21caribbean.com','',0,29,'','GOMA720214QL4FS005000047','CANCÚN','2015-06-30','',NULL,NULL),(48,'MIGUEL ANGEL','AYALA ','MORALES','AAMM690502K26',1,'005','SUPERMANZANA 50','PASEO MARUPA LOTET 1 SM 50','28','','99','77508','9981857208','9985772131','miguel.cancunbestbuy@gmail.com','MIEMBRO DEL A.M.P.I.\r\n*INSCRIPCIÓN PAGO: 72023677185827186',0,29,'72025889956291578','AAMM690502K26FS005000048','CANCÚN, QUINTANA ROO.','2015-06-30','assets/imagenes/asesores/miguel_ayala.JPG','2017-01-13','ASOCIADO A.M.P.I. DEL ESTADO DE QUINTANA ROO. AMP970829EV1AI005000010 '),(49,'MIGUEL ANGEL ','LEMUS ','MATEOS','LEMM541218HJ8',1,'005','SUPERMANZANA 03','AV. BONAMPAK  ','11','','69-70','77510','9988876101','9982410329','gerentecancun@cancun.ampi.org','PRESIDENTE DEL A.M.P.I. 2015\r\n*INSCRIPCIÓN PAGO:72023522205827102',0,29,'72026002366323575','LEMM541218HJ8FS005000049','CANCÚN, QUINTANA ROO.','2015-06-30','assets/imagenes/asesores/miguel_lemmus.jpg','2017-01-13','ASOCIADO A.M.P.I. DEL ESTADO DE QUINTANA ROO. AMP970829EV1AI005000010'),(50,'MYRNA DEL SOCORRO','HUERTA ','CADENA','HUCM51102DI2',1,'005','SUPERMANZANA 86','CARRETERA PUNTA SAM CASA 6, CONDOMINIOS QUINTAS DEL MAR LOTE 9, ','02','','S/N.','77508','998844522','9988451285','gerentecancun@cancun.ampi.org','MIEMBRO DEL A.M.P.I.\r\nPago Inscripción:72023680155827941',0,29,'72026003386323517','HUCM51102DI2FS005000050','CANCÚN, QUINTANA ROO.','2015-06-30','assets/imagenes/asesores/myrna_huerta.jpg','2017-01-22','ASOCIADO A.M.P.I. DEL ESTADO DE QUINTANA ROO. AMP970829EV1AI005000010 '),(51,'RODRIGO','MAYOR ','HERRERO ','COAR830115M81',1,'005','SUPERMANZANA 2-A','AV. BONAMPAK LOTE 68 SM 2-A','12','','55','77520','9982512476','9981955616','rodrigomayor@me.com','MIEMBRO DEL A.M.P.I.',0,29,'','COAR830115M81FS005000051','CANCÚN','2015-06-30','',NULL,NULL),(52,'SUSANA','GAYTAN ','CONTRERAS','GACS650524JF3',1,'008','FRACCIONAMIENTO PLAYA DEL SOL','CERRADA ERIZO LOTE 2 SM 82','01','','284','77712','9841164230','','susana@paraisorivieramaya.com','MIEMBRO DEL A.M.P.I\r\n*INSCRIPCIÓN PAGO: 72023553795827146',0,29,'72081955856291594','GACS650524JF3FS008000052','PLAYA DEL CARMEN, QUINTANA ROO.','2015-06-30','assets/imagenes/asesores/susana_gaytan.jpg','2017-01-13','ASOCIADO A.M.P.I. DEL ESTADO DE QUINTANA ROO. AMP970829EV1AI005000010 '),(53,'TRINIDAD GUADALUPE','AVILA ','RUIZ','AIRT7009015F2',1,'005','SUPERMANZANA 29','AV. PLAYAS','09','08','','77508','9999306430','9991637511','trinyavila@astrearealty.com','MIEMBRO DEL A.M.P.I.   (su domicilio de acuerdo a su credencial  de elector es Av. Playas s/n Mza-09, Lt-8 Supermanzana 29 C.P. 77508, Benito Juárez, Q. Roo.) Y SU REGISTRO FISCAL ( CALLE 86 No. 515, x 11a1, RESIDENCIAL PENSIONES VII ETAPA MERIDA YUCATAN, C.P. 97217.\r\nINSCRIPCIÓN PAGO: 720235541565827131',0,29,'72026008376323591','AIRT7009015F2FS005000053','CANCÚN, QUINTANA ROO.','2015-06-30','assets/imagenes/asesores/trinidad_avila.jpg','2017-01-13','ASOCIADA  A.M.P.I. DEL ESTADO DE QUINTANA ROO. AMP970829EV1AI005000010'),(54,'VICTOR ARMANDO','PEREZ ','PETIT','PEPV6704091M2',1,'005','MALIBU','CALLE MAR CARIBE LOTE 5 SMZA 500','7','','5','77533','9988833887','5528551363','gerentecancun@cancun.ampi.org ,    vipepe@yahoo.com','MIEMBRO DEL A.M.P.I.\r\nINSCRIPCIÓN PAGO:72023585485827187',0,29,'72025890236291525','PEPV6704091M2FS005000054','CANCÚN, QUINTANA ROO.','2015-06-30','assets/imagenes/asesores/victor_petit.jpg','2017-01-13','ASOCIADO A.M.P.I. DEL ESTADO DE QUINTANA ROO. AMP970829EV1AI005000010 '),(55,'WEXFORD JAMES','TOBIN ','CUNNINGHAM','TOCW6701311K1',1,'005','PUERTO CANCUN','AV. BONAMPAK EDIF. PALMERAS, LOCALES C205 Y C206','03','','L-02','775000','9988984310','9981479296','gerentecancun@cancun.ampi.org ,     wjtobin@housebook.com.mx','MIEMBRO DEL A.M.P.I.\r\nPAGO INSCRIPCION 72023514905827902',0,31,'72026737906446830','TOCW6701311K1FS005000055','CANCÚN','2015-06-30','assets/imagenes/asesores/1JAMES_TOBIN.jpg','2017-06-27','ASOCIADO A.M.P.I. DEL ESTADO DE QUINTANA ROO'),(56,'LEONARDO ','ALCANTARA','REYES','AARL520727N1A',1,'008','MISION DEL CARMEN','CDA. MISION DE LA SOLEDAD','28. L-06','','427-A','77724','9988439911','9848010233','leoalcantara_68@hotmail.com','',0,29,'72024102465919991','AARL520727N1AFS008000056','PLAYA DEL CARMEN, QUINTANA ROO.','2015-12-08','assets/imagenes/asesores/leonardo_alcantara.jpg','2016-02-18',''),(57,'ERIKA ELIZABETH','GUTIERREZ','MARTINEZ','GUME7411017R4',1,'008','BOSQUE REAL','CALLE MONTES URALES CASA L-01','18','07','253','77724','9841210010','','erikagm1@hotmail.com','Miembro A.M.P.I SECCIÓN PLAYA DEL CARMEN, Q. ROO.\r\nINSCRIPCIÓN 72081228645919912',0,31,'72082176556416834','GUME7411017R4FS008000057','PLAYA DEL CARMEN, QUINTANA ROO','2016-01-11','assets/imagenes/asesores/41Erika_Elizabeth_Gutierrez.JPG','2017-03-22','ASOCIADO A.M.P.I. SECCIÓN PLAYA DEL CARMEN, AMPI130730TV6AI008000058'),(58,'ASOCIACIÓN MEXICANA DE PROFESIONALES INMOBILIARIOS SECCIÓN PLAYA ','','','AMPI130730TV6',3,'008','EJIDO NORTE','CARRETERA FEDERAL CANCUN-CHETUMAL LOCAL 305','140','','LOTE-01','77712','9841210010','','presidencia@ampiplayadelcarmen.org','PRESIDENTA ILEANA CANTILLO\r\nPRESIDENTA ANA ALICIA LOPEZ SALGADO\r\nPAGO INSCRIPCIÓN 72081223505919964',0,31,'72082237796446822','AMPI130730TV6AI008000058','PLAYA DEL CARMEN, QUINTANA ROO','2016-01-11','assets/imagenes/asesores/18AMPI_PLAYA.PNG','2017-05-11',''),(59,'LISZETT ROCIO','TORRES','ZAPATA','TOZL660629CIA',1,'008','CENTRO','RETORNO ROCIO L- 05, VILLA 5A 2, EL CIELO','06','','','77727','9841210010','9848045272','Irtorres33@yahoo.com','Miembro A.M.P.I SECCIÓN PLAYA DEL CARMEN, Q. ROO.\r\nINSCRIPCION 72081271775951995',0,31,'72082151556382856','TOZL660629CIAFS008000059','PLAYA DEL CARMEN, QUINTANA ROO','2016-01-15','assets/imagenes/asesores/27LISZETT_TORRES.jpg','2017-03-22','ASOCIADO A.M.P.I. SECCIÓN PLAYA DEL CARMEN, AMPI130730TV6AI008000058'),(60,'VIOLETA DE JESUS','MARQUEZ ','CALDERON','MACV841121DW6',1,'008','CENTRO','AVE. 10','62','','DEPTO. 12','77710','','9841578510','vmarquez@sirrivieramaya.com','MIEMBRO AMPI SECCIÓN PLAYA DEL CARMEN\r\nINSCRIPCION 72081246665919938',0,31,'72082136126382818','MACV841121DW6FS008000060','PLAYA DEL CARMEN, QUINTANA ROO','2016-01-18','assets/imagenes/asesores/26Violeta_Marquez.jpg','2017-03-22','ASOCIADO A.M.P.I. SECCIÓN PLAYA DEL CARMEN, AMPI130730TV6AI008000058'),(61,'ROSA ELENA','BENET','RAMOS','BERR6009178DA',1,'008','PLAYACAR FASE I','AV. BAHÍA DEL ESPÍRITU SANTO, VILLAS PESCADORES','','','4','77710','9848077928','9841210010',' rossi@azulparaiso.com.mx','MIEMBRO AMPI SECCION PLAYA DEL CARMEN\r\nINSCRIPCIÓN 72081226485919993',0,31,'72082157066382807','BERR6009178DAFS008000061','PLAYA DEL CARMEN','2016-01-18','assets/imagenes/asesores/33rosa_benetramos.jpg','2017-03-22','ASOCIADO A.M.P.I. SECCIÓN PLAYA DEL CARMEN, AMPI130730TV6AI008000058'),(62,'JUAN LUIS ','TALAMANTES','SORIANO','TASJ770715S57',1,'008','CENTRO','PRIV. 1ERA NORTE, L-02, LOCAL 01','35','','230','77712','9848030733','9847450236','juan@premiumrealty.com.mx','MIEMBRO AMPI SECCIÓN PLAYA DEL CARMEN\r\nPAGO INSCRIPCIÓN 72081223435919984',0,31,'72082235726446808','TASJ770715S57FS008000062','PLAYA DEL CARMEN','2016-01-18','assets/imagenes/asesores/8JUANLUIS_TALAMANTES.jpg','2016-02-18','ASOCIADO A.M.P.I. SECCIÓN PLAYA DEL CARMEN'),(63,'ANGELA','FERNANDEZ','GONZALEZ','FEGA770114GP6',1,'008','CENTRO','PRIV. 1A NORTE, L-02, LOCAL 01','35','','230','77710','9848030733','9841154850','angela@premiumrealty.com.mx','MIEMBRO AMPI SECCIÓN PLAYA DEL CARMEN\r\nPAGO INSCRIPCIÓN 72081223455919909',0,31,'72082235886446887','FEGA770114GP6FS008000063','PLAYA DEL CARMEN','2016-01-18','assets/imagenes/asesores/9angela_FDZGLEZ.JPG','2017-05-11','ASOCIADO A.M.P.I. SECCIÓN PLAYA DEL CARMEN'),(64,'ANA ALICIA','LOPEZ','SALGADO','LOSA690909UC6',1,'008','GONZALO GUERRERO','5A AV. NORTE, L-007-1, LOCALES 8 Y 9','04','','','77710','9841210010','984106591','alopez@sirmexico.com','MIEMBRO AMPI SECCIÓN PLAYA DEL CARMEN\r\nINSCRIPCIÓN 72081254315951987',0,31,'72082146876382886','LOSA690909UC6FS008000064','PLAYA DEL CARMEN, QUINTANA ROO','2016-01-18','assets/imagenes/asesores/29ANA_ALICIALOPEZ.jpg','2017-03-22','ASOCIADO A.M.P.I. SECCIÓN PLAYA DEL CARMEN, AMPI130730TV6AI008000058'),(65,'JOAQUIN ANTONIO','MARTINEZ','FERNANDEZ','MAFJ791026LF4',1,'008','CARRETERA FEDERAL 307','PRIVADA MOOREA LOTE 07','236','','15','77712','','984-113510','mtz.joaquin@gmail.com','MIEMBRO AMPI SECCIÓN PLAYA DEL CARMEN',0,29,'','MAFJ791026LF4FS008000065','PLAYA DEL CARMEN','2016-01-19','','2016-01-22','ASOCIADO A.M.P.I. SECCIÓN PLAYA DEL CARMEN, AMPI130730TV6AI008000058'),(66,'JOAQUIN ANTONIO','MARTINEZ','FERNANDEZ','MAFJ791026LF4',1,'008','FRACC. BALI ','PRIVADA MOOREA LOTE 07','236','','15','77712','','984-113510','mtz.joaquin@gmail.com','MIEMBRO AMPI SECCIÓN PLAYA DEL CARMEN\r\nPAGO INSCRIPCIÓN 72081230965919953',0,31,'72082242336446832','MAFJ791026LF4FS008000066','PLAYA DEL CARMEN, QUINTANA ROO','2016-01-19','assets/imagenes/asesores/16JOAQUIN_MTZFDZ.jpg','2017-05-11','ASOCIADO A.M.P.I. SECCIÓN PLAYA DEL CARMEN'),(67,'GRISELDA','ESTAÑOL','CORNELIO','EACG7301018E5',1,'008','FRACCIONAMIENTO MARSELLA','CIRCUITO EL PARDO SM. 2','5','','L-30','77725','9841163477','','ceg73@hotmail.com','MIEMBRO AMPI SECCIÓN PLAYA DEL CARMEN, Q. ROO\r\nINSCRIPCION 72081228265919979',0,31,'72082173266382803','EACG7301018E5FS008000067','PLAYA DEL CARMEN, QUINTANA ROO','2016-01-19','assets/imagenes/asesores/40Griselda_EstaNolC.JPG','2017-03-22','ASOCIADO A.M.P.I. SECCIÓN PLAYA DEL CARMEN, AMPI130730TV6AI008000058'),(68,'LINA VANESSA','RIOS ','VEGA','RIVL7709147Z1',1,'008','ZAZIL-HA','AV. 38 NORTE ESQ. 10 BIS, LOTE 13','148','','S/N','77720','','9841131380','vanessariosvega@gmail.com','MIEMBRO AMPI SECCIÓN PLAYA DEL CARMEN\r\nPAGO INSCRIPCIÓN 72081268965951916',0,31,'72082235856446854','RIVL7709147Z1FS008000068','PLAYA DEL CARMEN, QUINTANA ROO','2016-01-19','assets/imagenes/asesores/22VANESSA_RIOS.jpg','2017-05-11','ASOCIADO A.M.P.I. SECCIÓN PLAYA DEL CARMEN'),(69,'ENRICO','DOZZA','','DOEN590209R25',1,'008','PLAYACAR FASE II','AV. XAMAN-HA DEP.301','12','','LOTE 3','77710','984803400','9847450362','enrico@finves.com','MIEMBRO AMPI SECCIÓN PLAYA DEL CARMEN\r\nINSC. MAT Y ACRED. 72081242525919910',0,31,'72082322806478829','DOEN590209R25FS008000069','PLAYA DEL CARMEN, QUINTANA ROO','2016-01-19','assets/imagenes/asesores/13ENRICO_DOZZA.JPG','2017-06-27','ASOCIADO A.M.P.I. SECCIÓN PLAYA DEL CARMEN, AMPI130730TV6AI008000058'),(70,'CHRISTOPHE','ROBIN','','ROCR660814FY2',1,'008','EJIDAL','EJIDO NORTE L-04, DIAGONAL 75 NORTE','39','','','77710','9846880508','9847450218','toch_robin@hotmail.com','MIEMBRO AMPI SECCIÓN PLAYA DEL CARMEN',0,29,'72081233255919902','ROCR660814FY2FS008000070','PLAYA DEL CARMEN, QUINTANA ROO','2016-01-19','assets/imagenes/asesores/cristhoper_robin.jpg','2016-02-19','ASOCIADO A.M.P.I. SECCIÓN PLAYA DEL CARMEN, AMPI130730TV6AI008000058'),(71,'ALEXANDER','JABLONSKI','','JAAL761122J48',1,'008','CENTRO','CALLE 30 DEPARTAMENTO 3, L-11, ROMANINA','','','','77710','984146 950','','homesforsaleplaya@gmail.com','MIEMBRO AMPI SECCIÓN PLAYA DEL CARMEN\r\nINSCRIPCIÓN 72081226725919966',0,31,'72082170786382839','JAAL761122J48FS008000071','PLAYA DEL CARMEN, QUINTANA ROO','2016-01-19','assets/imagenes/asesores/38ALEXANDER_JABLONSKY.jpg','2017-03-22','ASOCIADO A.M.P.I. SECCIÓN PLAYA DEL CARMEN, AMPI130730TV6AI008000058'),(72,'BERTHA GABRIELA','GONZÁLEZ ','CANO','GOCB750601PG9',1,'008','CENTRO','AV. 10, LT 2, 2DO. PISO ','38','',' 250','77710','9848032582','9841135792','gabriela@moskitopm.com','MIEMBRO AMPI SECCIÓN PLAYA DEL CARMEN\r\nPAGO INSCRIPCION 72081262385951952',0,31,'72015822816446820','GOCB750601PG9FS008000072','PLAYA DEL CARMEN, QUINTANA ROO','2016-01-19','assets/imagenes/asesores/27Gabriela_Cano.jpg','2017-05-11','ASOCIADO A.M.P.I. SECCIÓN PLAYA DEL CARMEN'),(73,'ILEANA MARGARITA','CANTILLO','CERVERA','CACI641126BG6',1,'008','EJIDO SUR','AV. ARCO VIAL REG-17, ESQ. DIAGONAL 85, SM-05','02','',' L-02','77712','9848039333','9848010065','icantillo@tierrazul.biz','MIEMBRO AMPI SECCIÓN PLAYA DEL CARMEN\r\nPAGO INSCRIPCIÓN 72081337145982220',0,31,'72082236056446864','CACI641126BG6FS008000073','PLAYA DEL CARMEN, QUINTANA ROO','2016-01-19','assets/imagenes/asesores/25ILEANA_CANTILLO.jpg','2017-05-11','ASOCIADO A.M.P.I. SECCIÓN PLAYA DEL CARMEN'),(74,'FIRST INVESTMENT REAL ESTATE S.A. DE C.V. ','','','FIR060616A64',2,'008','PLAYACAR FASE II','AV. PASEO TULUM, LOCAL 27','19','','LOTE 01','77710','9848034000','9847450362','enrico@finves.com','REPRESENTANTE LEGAL ENRICO DOZZA\r\nINSCRIPCIÓN MATRICULA Y ACRED. 72081244895919963',0,31,'72082322796478818','FIR060616A64MR008000074','PLAYA DEL CARMEN, QUINTANA ROO','2016-01-20','assets/imagenes/asesores/13ENRICO_DOZZA.JPG','2017-06-27',''),(75,'TERRA MAYA PROPERTIES S. A DE C. V.','','','TMP060222238',2,'008','GONZALO GUERRERO','5A AV. NORTE, L-007-1, LOCALES 8 Y 9','04','','','77710','9848039333','9848010065','info@tierrazul.biz','REPRESENTANTE LEGAL LISZETT ROCIO TORRES ZAPATA\r\nINSCRIPCIÓN 72081271665951971',0,31,'72082151566382867 ','TMP060222238MR008000075','PLAYA DEL CARMEN, QUINTANA ROO','2016-01-20','assets/imagenes/asesores/28terra_mayaproperties.jpg','2017-03-22',''),(76,'BRIC SERVICIOS INMOBILIARIOS, S. A DE C. V.','','','BSI150204N58',2,'008','CENTRO','CALLE 28 NORTE, ENTRE AV. 5 NORTE Y 10 NORTE','61','','L-06','77710','9848033191','9841135104','joaquin@bricinternational.com','REPRESENTANTE LEGAL MEDIANTE PODER PARA PLEITOS, ADMINISTRACIÓN JOAQUIN ANTONIO MARTINEZ FERNANDEZ   \r\n\r\nPAGO INSCRIPCIÓN 72081231245919954',0,31,'72082242376446876','BSI150204N58MR008000076','PLAYA DEL CARMEN, QUINTANA ROO','2016-01-20','assets/imagenes/asesores/17BRICSERVICIOS_INMOBILIARIOS.jpg','2017-05-11',''),(77,'INMOBILIARIA Y URBANIZADORA DE PLAYA DEL CARMEN, S. A. DE C.V.','','','IUP060926JZA',2,'008','EJIDO SUR','AV. ARCO VIAL REG-17, ESQ. DIAGONAL 85, SM-05','02','','L-02','77712','9848039333','9848010065','info@tierrazul.biz','REPRESENTANTE LEGAL ILEANA MARGARITA CANTILLO CERVERA...... OTRO DOMICILIO RESIDENCIAL BAMBÚ, CTO BAMBÚ 4 MZ, 01, L-02. PLAYA DEL CARMEN, Q. ROO.\r\nPAGO INSCRIPCION 72081337135982209',0,31,'72082236156446877','IUP060926JZAMR008000077','PLAYA DEL CARMEN, QUINTANA ROO','2016-01-20','assets/imagenes/asesores/24Inmobiliaria_UrbanizadoraPlaya.jpg','2017-05-11',''),(78,'MARIA ARACELI','LOPEZ','CHAVIRA','LOCA6804279C9',1,'008','PLAYACAR FASE II','AV. AVIACIóN, L-04, FRACCIóN 26, LOCAL 01.','29','','','77710','9848032539','9841882929','araloch@hotmail.com','',0,29,'72024343575982211','LOCA6804279C9FS008000078','PLAYA DEL CARMEN, QUINTANA ROO','2016-01-22','assets/imagenes/asesores/maria_chavira.JPG','2016-02-19',''),(79,'MAYRA DEL SOCORRO','AYALA','REJON','AARM660821LJ2',1,'005','SUPERMANZANA 08','AV. BONAMPAK, LOTES 4 Y 5 OFICINA-1-A','01','','','77500','9982677206','9985772013','ayalamayra08@prodigy.net.mx','INSCRIPCIÓN 72024322705982202',0,31,'72026580736416813','AARM660821LJ2FS005000079','CANCÚN, QUINTANA ROO','2016-01-22','assets/imagenes/asesores/43MAYRA_ayalarejon.jpg','2017-03-22',''),(80,'JAVIER','VILLALOBOS','CASTAÑEDA','VICJ710408B16',1,'001','ZONA HOTELERA','CARRETERA COSTERA SUR KM 6.5','','','','77600','9878695135','9878761747','javiervillalobos@notariapublica15.com.mx','MIEMBRO AMPI COZUMEL\r\nINSCRIPCIÓN 72024400725982272',0,31,'72030981096382892','VICJ710408B16FS001000080','COZUMEL, QUINTANA ROO','2016-01-27','assets/imagenes/asesores/31javier_villalobos.jpg','2017-03-22','ASOCIADO A.M.P.I. DEL ESTADO DE QUINTANA ROO. AMP970829EV1AI005000010'),(81,'VERONICA','CORDOVA','DIAZ','CODV701120RT6',1,'008','RESIDENCIAL SELVAMAR','COND. SOOL VILLAGE CASA 1, L-12','26','','1','77727','9841792171','','vcordova@sirrivieramaya.com','MIEMBRO AMPI SECCIÓN PLAYA DEL CARMEN \r\nPAGO INSCRIPCION 72081262385951952',0,31,'72082262046446842','CODV701120RT6FS008000081','PLAYA DEL CARMEN, QUINTANA ROO','2016-02-19','assets/imagenes/asesores/29VERONICA_CORDOVA.jpg','2017-05-11','ASOCIADO A.M.P.I. SECCIÓN PLAYA DEL CARMEN'),(82,'CARIBBEAN PROPERTY MANAGEMENT S. DE R.L. DE C.V.','','','CPM0706143E6',2,'001','ZONA HOTELERA','CARRETERA COSTERA SUR KM 6.5','','A','','77600','9878695135','9878761747','javiervillalobos@notariapublica15.com.mx','EL REPRESENTANTE LEGAL ES JAVIER VILLALOBOS CASTAÑEDA.\r\nINSCRIPCIÓN 72024400745982294',0,31,'72030981106382806','CPM0706143E6MR001000082','COZUMEL, QUINTANA ROO','2016-02-19','assets/imagenes/asesores/30caribbean_propertymanagement.jpg','2017-03-22',''),(83,'LR MAYA S. DE R. L. DE C.V.','','','EPC090224NH8',2,'008','CENTRO','AV. 25, LOTE 04','39','','','77710','9841094415','9841163251','info@livingrivieramaya.com','LIVING RIVIERA MAYA S. DE R.L. DE C.V. REPRESENTANTE LEGAL  C.JUDITH DILWYN SHAW\r\nINSCRIPCIÓN 72081302355982212',0,31,'72082194946416879','EPC090224NH8MR008000083','PLAYA DEL CARMEN, Q. ROO','2016-02-19','assets/imagenes/asesores/45LRMayadeRL_deCV.jpg','2017-03-22',''),(84,'IPM HOLDING MEXICO S.A. DE C.V.','','','LSG110331B26',2,'008','EJIDO SUR','CARRETERA FEDERAL CANCÙN TULUM, LOTE 01','293','','','77710','9848593282','','rhougton@investmentproperties.com','REPRESENTANTE LEGAL C. RICHARD PHILIP HOUGHTON',0,29,'72081302375982234','LSG110331B26MR008000084','PLAYA DEL CARMEN, Q. ROO.','2016-02-20','assets/imagenes/asesores/richard_houghton.jpg','2016-02-20',''),(85,'RICHARD ','PHILIP ','HOUGHTON','HORI691019QB1',1,'008','PUERTO AVENTURAS','CALLE PUNTA MATZOMA, LT 30','224','','','77710','9848593282','','rhougton@investmentproperties.com','',0,29,'72081302365982223','HORI691019QB1FS008000085','PUERTO AVENTURAS, Q. ROO.','2016-02-20','assets/imagenes/asesores/richard_houghton.jpg','2016-02-20',''),(125,'RUBEN','MARTÍNEZ','TINAJERO','MATR760421H64',1,'005','ZONA HOTELERA','CALLE PESCADOR, PLAYA LINDA, DEPARTAMENTO 73','','','','77500','','9982402913','ruben@sucasacancun.com','',0,29,'72024567996044247','MATR760421H64FS005000125','CANCÚN, QUINTANA ROO','2016-10-07','assets/imagenes/asesores/ruben_martinez.jpg','2017-01-13',''),(86,'DAMIÁN','DOMÍNGUEZ','ÁLVAREZ','DOAD7505129C7',1,'005','FRACC. SANTA FE PLUS 2 REG 525','CALLE RIO AMAZONAS ','21, LOTE 07','','','77536','9982799373','9981013742','info@factorinmobiliario.com','AFILIADO, SOCIO A.M.P.I. CANCÚN Q. ROO.',0,29,'72024541886011284','DOAD7505129C7FS005000086','CANCÚN, QUINTANA ROO','2016-03-17','assets/imagenes/asesores/damian_dominguez.jpg','2016-05-25','ASOCIADO A.M.P.I. DEL ESTADO DE QUINTANA ROO. AMP970829EV1AI005000010'),(87,'ALINE ','NOVELO','TELLO','NOTA820207N73',1,'005','JARDINES DE BONAMPAK','AV. BONAMPAK, L-25 17, SMZA 77','24','','','77528','9981098742','','aline@novellorealestate.com','AFILIADO, MIEMBRO AMPI CANCÚN, Q. ROO.',0,29,'72024509506011217','NOTA820207N73FS005000087','CANCÚN, QUINTANA ROO','2016-03-17','assets/imagenes/asesores/aline_novelo.jpg','2016-05-25','ASOCIADA A.M.P.I. DEL ESTADO DE QUINTANA ROO. AMP970829EV1AI005000010'),(88,'MAURICIO','ESTRADA','MENDIZÁBAL','EAMM650929948',1,'005','UNIDAD MORELOS','CALLE KUMAL SMZA 59','30','1','31','77515','9988876101','9982410329','mestrada@lagosdelsol.com','SOCIO AMPI CANCÚN, Q. ROO.',0,29,'72024570966044211','EAMM650929948FS005000088','CANCÚN, QUINTANA ROO','2016-04-07','assets/imagenes/asesores/mauricio_estrada.JPG','2016-05-25','ASOCIADO A.M.P.I. DEL ESTADO DE QUINTANA ROO. AMP970829EV1AI005000010'),(89,'URSULA','KREITMEIER','','KESU610905154',1,'005','SM. 86','CARRETERA PUERTO JUAREZ- PUNTA SAM (EDIFICIO QUINTAS DEL MAR) LOTE 09','02','','101-A','77520','9982410329','9983329552','uschi_k_@hotmail.com','ASOCIADO AMPI CANCÚN, Q. ROO.\r\nPAGO INSCRIP. MAT Y ACRED. 72024531066011236',0,31,'72026928836508871','KESU610905154FS005000089','CANCÚN, QUINTANA ROO','2016-04-07','assets/imagenes/asesores/26URSULA_KREITMEIER.jpg','2017-06-27','ASOCIADO A.M.P.I. DEL ESTADO DE QUINTANA ROO'),(90,'OLGA PATRICIA','MORA','VALLEJO','MOVO750608MG6',1,'005','SM. 32','AV. KABAH, DEPTO B','','','L-05','77508','9982942934','9982463378','delamorapaty@gmail.com','ASOCIADO AMPI CANCÚN, Q. ROO.\r\nPAGO INSC. MATRICULA Y ACRD. 72024517196011249',0,31,'72026838016478841','MOVO750608MG6FS005000090','CANCÚN, QUINTANA ROO','2016-04-07','assets/imagenes/asesores/9PATRICIA_MORA.JPG','2017-06-27','ASOCIADO A.M.P.I. DEL ESTADO DE QUINTANA ROO'),(91,'SUSANA','CHACON','MAC DONALD','DOSU740422GL6',1,'008','PUERTO AVENTURAS','BOULEVARD PUERTO AVENTURAS, LT-03','36','','DEPTO A3','77750','9841674506','','smacdonald@investmentproperties.com','',0,29,'72081393276011226','DOSU740422GL6FS008000091','PUERTO AVENTURAS, Q. ROO','2016-04-07','assets/imagenes/asesores/susana_macdonald.jpg','2016-05-25',''),(92,'INMOBILIARIA BASAC, S.A. DE C.V.','','','IBA960301815',2,'005','ZONA HOTELERA','AV. BONAMPAK, LOCAL C-207','3','','L-11','77500','9988851551','','jguerrero@costarealty.com.mx','REPRESENTANTE LEGAL ES C. JOSE ALBERTO GUERRERO GARGARI.\r\nPAGO INSC. MAT Y ACRED. 72024607876044218',0,31,'72026975386508808','IBA960301815MR005000092','CANCÚN, QUINTANA ROO','2016-05-12','assets/imagenes/asesores/Josealberto_gargari.jpg','2017-07-07',''),(93,'INVERSIONES SUPERIORES, S.A.P.I. DE C.V.','','','ISU1504217E1',2,'005','ZONA HOTELERA','AV. BONAMPAK,  LOCAL C-209','3','','L-11','77500','','9986884371','jguerrero@costarealty.com.mx','REPRESENTANTE LEGAL JOSE ALBERTO GUERRERO GARGARI\r\nPAGO INSCRIP. MAT Y ACRED 72024607856044293',0,31,'72026975456508885','ISU1504217E1MR005000093','CANCÚN, QUINTANA ROO','2016-05-12','assets/imagenes/asesores/Josealberto_gargari.jpg','2017-07-07',''),(94,'MARGARETHA','ELIZABETH ','PAAUW','PAMA8101128XA',1,'008','PUNTA ESTRELLA','CALLE PUNTA COLONET, CASA 20B, LOTE 20','51','','','77723','9841562469','','margreetqp@yahoo.com','',0,29,'72024634026044259','PAMA8101128XAFS008000094','PLAYA DEL CARMEN','2016-05-16','assets/imagenes/asesores/margaretha_pauw.jpg','2016-06-15',''),(95,'BEATRIZ TAMARA ','FERNANDEZ','MARTINEZ','FEMB601228258',1,'008','CENTRO','5TA AVENIDA NORTE','03','1','1568','77710','9848732357','9841051481','tamaraplaya@prodigy.net.mx','',0,29,'72024624836044258','FEMB601228258FS008000095','PLAYA DEL CARMEN, QUINTANA ROO','2016-05-18','assets/imagenes/asesores/Beatriz_Tamara.JPG','2016-05-25',''),(96,'ROSA MARIA','VICTORIA ','DE LA GARZA','VIGR570221SI4',1,'009','TULUM','PARCELA 166, LOTE 56','','','','77760','9841054775','','victoria@tulumrealty.net','',0,29,'72024607296044259','VIGR570221SI4FS009000096','TULUM, QUINTANA ROO','2016-05-18','assets/imagenes/asesores/rosa_garza.jpg','2016-05-25',''),(97,'VIRGINIA CHRISTI','FERNANDEZ','MARTINEZ','FEMV560531BQ1',1,'008','PUERTO AVENTURAS','CALLE PUNTA CELIS (CONDOMINIO CHACHALAL H-104)','24','','LOTE 02','77500','9848730447','9848762741','VICKY@PLAYAREAL.COM','PAGO MAT Y ACRED 72024619636044201',0,31,'72082380106508815','FEMV560531BQ1FS008000097','PLAYA DEL CARMEN, QUINTANA ROO','2016-05-23','assets/imagenes/asesores/29VIRGINIA_FERNANDEZ.jpg','2017-06-27',''),(98,'HERMILO LÓPEZ ','SÁNCHEZ ','LÓPEZ','LOLH5506308C8',1,'005','SUPERMANZANA 19','AV. NICHUPTÉ MZA 02 LOTE 19','','','','77505','9988839833','','ibiztogo@gmail.com','PERSONA FÍSICA QUE PRESTA SUS SERVICIOS DENTRO DE LA EMPRESA INMOBILIARIA \"INTER BROKERS AQA\"',0,29,'72024663546044289','LOLH5506308C8FS005000098','CANCÚN, QUINTANA ROO.','2016-05-23','assets/imagenes/asesores/interbrokers_hermilio.jpg','2016-05-25',''),(99,'ANDRES HERMILO ','LÓPEZ SÁNCHEZ','LEHMAN','LOLA880205SX5',1,'005','SUPERMANZANA 19','AV. NICHUPTÉ LOCAL 204, LOTE 19','2','','','77500','9988839833','','andres@interbrokers.biz','PERSONA FÍSICA QUE PRESTA SUS SERVICIOS DENTRO DE LA EMPRESA INMOBILIARIA \"INTER BROKERS BE AQA, S.A. DE C.V. \"',0,29,'72024663646044205','LOLA880205SX5FS005000099','CANCÚN, QUINTANA ROO.','2016-05-23','assets/imagenes/asesores/andres_hermilo.jpg','2016-05-24',''),(100,'EDWARD ALEXANDER ','SCHMIDT ','SCHIMMEL','SISE620817TS2',1,'005','SUPERMANZANA 19','AV. NICHUPTÉ LOTE 19, LOCAL 204','02','','','77505','9988839833','','edward.interbrokers@gmail.com','PERSONA FÍSICA QUE PRESTA SUS SERVICIOS DENTRO DE LA EMPRESA INMOBILIARIA \"INTER BROKERS BE AQA, S.A. DE C.V. \"',0,29,'72024663826044209','SISE620817TS2FS005000100','CANCÚN, QUINTANA ROO','2016-05-23','assets/imagenes/asesores/edward_schmidt.JPG','2016-06-15',''),(101,'JORGE PATRICIO','MESTRE ','TOUSSAINT','METJ730120F19',1,'005','501','CDA. PORTO NOVO CASA 36B, LOTE 3','1','','','77535',' 998241539','','ptoussaint44@gmail.com',' Afiliado a la Asociación Mexicana de la Industria Inmobiliarios, A. C. (A.M.I.I.)',0,29,'72024635486044297','METJ730120F19FS005000101','CANCÚN, QUINTANA ROO','2016-05-23','assets/imagenes/asesores/patricio_mestre.jpg','2016-05-25',''),(102,'INMOBILIARIA ZURIEL, SOCIEDAD ANONIMA DE CAPITAL VARIABLE','','','IZU1501274P2',2,'005','SUPERMANZANA 20.','CALLE TEJON, LOTE 40','03','','','77500','9983490964','','mcastro@gruposion.mx y gsanchez@gruposion.mx','',0,29,'72025079736136229','IZU1501274P2MR005000102','CANCÚN, QUINTANA ROO','2016-06-02','assets/imagenes/asesores/gustavo_sanchez.jpg','2016-06-03',''),(103,'GUSTAVO ','SANCHEZ ','VELASCO','SAVG790313E43',1,'005','SUPERMANZANA 20.','CALLE TEJON, LOTE 40','03','','','77500','9981265010','','gsanchez@salomoninversiones.com','',0,29,'72025080026136284','SAVG790313E43FS005000103','CANCÚN, QUINTANA ROO','2016-06-02','assets/imagenes/asesores/gustavo_sanchez.jpg','2016-06-02',''),(104,'INMUEBLES CEDRAL HOMES QR.\" S.A. DE C.V.','','','ICQ1202013C4',2,'001','CENTRO','AVE. RAFAEL E. MELGAR EDIFICIO COLON','','','602 1A ','77600','9878691690','','rgarcia@cedral.net','El representante Legal Arq. Ricardo García Corona',0,2,'72030518466106211','ICQ1202013C4MR001000104','COZUMEL, QUINTANA ROO','2016-06-15','assets/imagenes/asesores/ricardo_garcia.jpg','2016-07-21',''),(105,'RICARDO',' GARCÍA',' CORONA.','GACR6509I0IBA',1,'001','CENTRO','AV. RAFAEL E. MELGAR EDIFICIO COLON','','','602 1A ','77600','9878691690','','rgarcia@cedral.net','',0,29,'72030518496106244','GACR6509I0IBAFS001000105','COZUMEL, QUINTANA ROO','2016-06-15','assets/imagenes/asesores/ricardo_garcia.jpg','2016-07-21',''),(106,'KAREN ERIKA','BLOEMHOFF','','BOKA7312177Y8',1,'001','CENTRO','AV, RAFAEL E. MELGAR EDIFICIO COLON','','','602 1A ','77600','9878691690','','karen@cedral.net','',0,29,'72030518516106266','BOKA7312177Y8FS001000106','COZUMEL, QUINTANA ROO','2016-06-15','assets/imagenes/asesores/karen_bloemhoff.jpg','2016-07-21','ASESOR DE LA EMPRESA INMOBILIARIA \"INMUEBLES CEDRAL HOMES QR\" S.A. DE C.V.'),(107,'MIBE INMOBILIARIA, S. A. DE C.V.','','','MIN150325TA6',2,'001','CENTRO','AV. RAFAEL E. MELGAR LOCAL C-2','','','149','77600','9878721757','','miguel_joaquin@coldwellbanker.com.mx','REP. LEGAL MIGUEL AURELIO JOAQUIN DOMÍNGUEZ.',0,29,'72030520066106236','MIN150325TA6MR001000107','COZUMEL, QUINTANA ROO','2016-06-15','assets/imagenes/asesores/miguel_aureliojoaquin.jpg','2016-07-21',''),(108,'HILDA MARIA LUISA','CARDONA','GÓMEZ','CAGH611116Q15',1,'005','RESIDENCIAL DE LAS AMERICAS','PRIVADA BOLIVIA SMZ 57','06','','29','77533','9981928260','','butchartcacun@yahoo.com.mx','',0,29,'72024915276106268','CAGH611116Q15FS005000108','CANCÚN, QUINTANA ROO','2016-06-15','assets/imagenes/asesores/hilda_gomez.JPG','2016-07-21',''),(109,'NATIVIDAD','AVILA','MUÑIZ','AIMN640612HG9',1,'005','FRACCIONAMIENTO COSTA DEL MAR','CALLE SAC LOL, LOTE 23, SMZ 50','24','','','77533','9981958268','',' arellanobr@hotmail.com','',0,29,'72024960406106227','AIMN640612HG9FS005000109','CANCÚN, QUINTANA ROO','2016-06-15','assets/imagenes/asesores/natividad_avila.JPG','2016-07-21',''),(110,'ADAN','TOLEDO','LUCERO','TOLA890926EC1',1,'008','GONZALO GUERRERO','AV. 40 MZA. 13 LOTE 4 COL. GONZALO GUERRERO, PLAYA DEL CARMEN, Q. ROO','Mza. 13','','','77710','','9831194190','ad_nt@hotmail.com','MIEMBRO CANACO SERVITUR PLAYA DEL CARMEN.',0,29,'72081577646106291','TOLA890926EC1FS008000110','PLAYA DEL CARMEN, Q. ROO.','2016-07-21','assets/imagenes/asesores/adan_toledo.jpg','2016-07-22',''),(111,'BRUNO','DE ALMEIDA','','AEBR7608246K4',1,'008','RESIDENCIAL REAL DEL SOL','PRIV. FLAMBOYAN ','Mza.001','','# Ext. 266','77725','','','','',0,29,'','AEBR7608246K4FS008000111','PLAYA DEL CARMEN, Q. ROO.','2016-07-21','','0000-00-00',''),(112,'BRUNO','DE ALJMEIDA','','AEBR7608246K4',1,'008','FRACC. REAL DEL SOL','PRIV. FLAMBOYANES ','Mza. 001','','# Ext.266','77710','','9841760997','almeida.consul@gmail.com','',0,29,'','AEBR7608246K4FS008000112','PLAYA DEL CARMEN, Q. ROO.','2016-07-21','','2016-07-22',''),(113,'BRUNO','DE ALMEIDA','','AEBR7608246K4',1,'008','FRACC. REAL DEL SOL','PRIV. FLAMBOYANES ','Mza. 001','','# Ext. 266','77710','','9841760997','almeida.consul@gmail.com','',0,29,'','AEBR7608246K4FS008000113','PLAYA DEL CARMEN, Q. ROO.','2016-07-21','','2016-07-22',''),(114,'BRUNO','DE ALMEIDA','','AEBR7608246K4',1,'008','FRACC. REAL DEL SOL','PRIV. FLAMBOYANES ','Mza. 001','','# Ext. 266','77710','','9841760997','almeida.consul@gmail.com','',0,29,'','AEBR7608246K4FS008000114','PLAYA DEL CARMEN, Q. ROO.','2016-07-21','','2016-07-22',''),(115,'BRUNO','DE ALMEIDA','','AEBR7608246K4',1,'008','RESIDENCIAL REAL DEL SOL','PRIV. FLAMBOYANES ','Mza. 001','','# Ext. 266','77710','','9841760997','almeida.consul@gmail.com','',0,29,'','AEBR7608246K4FS008000115','PLAYA DEL CARMEN, Q. ROO.','2016-07-21','','2016-07-22',''),(116,'BRUNO','DE ALMEIDA','','AEBR7608246K4',1,'008','RESIDENCIAL REAL DEL SOL','PRIV. FLAMBOYANES ','Mza. 001','','# Ext. 266','77710','','9841760997','almeida.consul@gmail.com','',0,29,'','AEBR7608246K4FS008000116','PLAYA DEL CARMEN, Q. ROO.','2016-07-21','','2016-07-22',''),(117,'EVA ADRIANA','LUEVANOS','TOPETE','LUTE870127434',1,'008','CENTRO','4 NORTE LOTE 9','Mza. 53','','','77710','','9841331424','eva.luevanos@gmail.com','',0,29,'','LUTE870127434FS008000117','PLAYA DEL CARMEN, Q. ROO.','2016-07-21','','2016-07-22',''),(118,'EVA ADRIANA','LUEVANOS','TOPETE','LUTE870127434',1,'008','CENTRO','4 NORTE LOTE 9','53','','','77710','','9841331424','eva.luevanos@gmail.com','MIEMBRO CANACO SERVITUR PLAYA DEL CARMEN.',0,29,'72081561276106248','LUTE870127434FS008000118','PLAYA DEL CARMEN, Q. ROO.','2016-07-21','assets/imagenes/asesores/eva_luevanos.jpg','2016-07-25',''),(119,'BRUNO','DE ALMEIDA','','AEBR7608246K4',1,'008','RESIDENCIAL REAL DEL SOL','PRIV. FLAMBOYANES ','','','# Ext. 266','77710','','9841760997','almeida.consul@gmail.com','',0,29,'','AEBR7608246K4FS008000119','PLAYA DEL CARMEN, Q. ROO.','2016-07-21','','2016-07-22',''),(120,'BRUNO','DE ALMEIDA','','AEBR7608246K4',1,'008','RESIDENCIAL REAL DEL SOL','PRIV. FLAMBOYANES ','','','# Ext. 266','77710','','9841760997','almeida.consul@gmail.com','',0,29,'','AEBR7608246K4FS008000120','PLAYA DEL CARMEN, Q. ROO.','2016-07-21','','2016-07-22',''),(121,'BRUNO','DE ALMEIDA','','AEBR7608246K4',1,'008','RESIDENCIAL REAL DEL SOL','PRIV. FLAMBOYANES ','','','# Ext. 266','77710','','9841760997','almeida.consul@gmail.com','',0,29,'','AEBR7608246K4FS008000121','PLAYA DEL CARMEN, Q. ROO.','2016-07-21','','2016-07-22',''),(122,'BRUNO','DE ALMEIDA','','AEBR7608246K4',1,'008','RESIDENCIAL REAL DEL SOL','PRIV. FLAMBOYANES ','','','# Ext. 266','77710','','9841760997','almeida.consul@gmail.com','',0,29,'','AEBR7608246K4FS008000122','PLAYA DEL CARMEN, Q. ROO.','2016-07-21','','2016-07-22',''),(123,'BRUNO','DE ALMEIDA','','AEBR7608246K4',1,'008','RESIDENCIAL REAL DEL SOL','PRIV. FLAMBOYANES ','','','# Ext. 266','77710','','9841760997','almeida.consul@gmail.com','MIEMBRO CANACO SERVYTUR PLAYA DEL CARMEN',0,29,'72081569266106276','AEBR7608246K4FS008000123','PLAYA DEL CARMEN, Q. ROO.','2016-07-21','assets/imagenes/asesores/bruno_almeida.jpg','2016-07-25',''),(124,'ALMA IOVANA ','FRANCO','CERVANTES','FACA760503918',1,'008','FRACCIONAMIENTO GALAXIA BALAM TUN ','AV. BALAM TUN LOTE 3','16','','26','77727','','9845931799','iovanaf@hotmail.com','MIEMBRO CANACO SERVYTUR PLAYA DEL CARMEN',0,29,'72081577136106215','FACA760503918FS008000124','PLAYA DEL CARMEN','2016-07-22','assets/imagenes/asesores/alma_iovana.jpg','2016-07-25',''),(126,'GLORIA PATRICIA','HILL','FERNANDEZ','HIFG690720BW6',1,'005','CENTRO','CALLE IGUANA','27','','386','77533','9981472283','','howardh@prodigy.net.mx','',0,29,'72025567246229278','HIFG690720BW6FS005000126','CANCÚN, QUINTANA ROO','2016-10-10','assets/imagenes/asesores/patricia_hill.jpg','2017-01-13',''),(127,'LAURA','GOMEZ','HEREDIA','GOHL6909258J0',1,'005','FRACC. PORTO BELLO','CALLE PORTO VENECIA  SM 55, LT 10','12','','53','77533','9981857752','9981000459','lalis88@hotmail.com','',0,31,'72024943626106288','GOHL6909258J0FS005000127','CANCÚN, QUINTANA ROO','2016-10-12','assets/imagenes/asesores/laura_gomez.jpg','2017-06-27',''),(128,'ENEDINA','LOSOYA','BAEZA','LOBE690516741',1,'008','RESIDENCIAL SANTA FE','CALLE FUENTE DE VERONA LOTE 21, SMZA 56','22','','','77712','9841786065','','legalosoya@gmail.com','MIEMBRO CANACO SERVYTUR PLAYA DEL CARMEN',0,29,'72081591636136267','LOBE690516741FS008000128','PLAYA DEL CARMEN, QUINTANA ROO','2016-10-12','assets/imagenes/asesores/enedina_losoya.jpg','2017-01-13',''),(129,'YVONNE','KUHNE','NOTHOLT','KUNY7003061I7',1,'005','RESIDENCIAL LAS AMERICAS','CALLE SALVADOR LOTE 3 SMZA 57','18','','02','77500','9981714324','9981714324','yvonne.kuhne.cancun@hotmail.com','',0,29,'72024965396106204','KUNY7003061I7FS005000129','CANCÚN, QUINTANA ROO','2016-10-12','assets/imagenes/asesores/yvonne_kuhne.jpg','2016-12-02',''),(130,'NANCY AIDE','MARTINEZ','TREVIÑO','MATN731027KD4',1,'008','PLAYA CAR FASE II','RETORNO AKAB COND. WAYAK ','18','LOTE 06','104-B','77717','9848079849','','sosunza@hotmail.com','',0,29,'72081577696106249','MATN731027KD4FS008000130','PLAYA DEL CARMEN, QUINTANA ROO','2016-10-12','assets/imagenes/asesores/nancy_aide.jpg','2017-01-13',''),(131,'JEAN PAUL','ROGER','CELAYETA','ROCJ681212C80',1,'005','ZONA HOTELERA, ZONA TURISTICA 2 ETAPA','BLVD KUKULCAN, CONDOMINIO LAHIA T AIRE ','','','D1001','77500','9988876101','9982410329','jpaulroger7@gmail.com ','',0,29,'72025355546168254','ROCJ681212C80FS005000131','CANCÚN, QUINTANA ROO','2016-10-12','assets/imagenes/asesores/jean_paul.jpg','2017-01-13',''),(132,'ACUAGARDEN, S.A. DE C.V.','','','ACU030410TD9',2,'009','CENTRO','CALLE OSIRIS LT-11 ','','','','77780','9848712305',' 984876214','','REPRESENTANTE LEGAL MARIA DE LOURDES GUIJOSA GARCIA COLIN',0,29,'72014430106168908','ACU030410TD9MR009000132','TULUM, QUINTANA ROO','2016-11-23','assets/imagenes/asesores/luordes_guijosaacuagarden.jpeg','2016-12-02',''),(133,'JESÚS ALFREDO','GRIJALVA','PEREZ','GIPJ830704L64',1,'008','CATALUÑA','CALLE CATALUÑA ','57','','11 LOTE 02','77725','9841298475','9841298475','grijalva_alfredo@hotmail.com','',0,29,'72081824486229227','GIPJ830704L64FS008000133','PLAYA DEL CARMEN,QUINTANA ROO','2016-11-23','assets/imagenes/asesores/alfredo_grijalva.jpg','2017-01-13',''),(134,'THOMAS LUIS','LLOYD','PRECIADO','LOPT670403BN2',1,'008','LUIS DONALDO COLOSIO','CALLE 78, AV.10 Y 15 NTE','407','','LOTE 20','77710','9848079079','','tlloydmx@gmail.com','',0,29,'72081797336229223','LOPT670403BN2FS008000134','PLAYA DEL CARMEN, QUINTANA ROO','2016-11-23','assets/imagenes/asesores/property_thomas.jpg','2017-01-13',''),(135,'JOSE FRANCISCO ','GOMEZ','ROSALES','GORF521124NY5',1,'005','SUPERMANZANA 2A ','AV. NADER EDIFICIO MARRUECOS','03','','LOTE 23','77500','9988871204','9981473035','paco@amigopaco.com','MIEMBRO AMPI CANCUN Q. ROO',0,29,'72025316616168272','GORF521124NY5FS005000135','CANCÚN, QUINTANA ROO','2016-11-23','assets/imagenes/asesores/josefcogo_rosales.jpg','2017-01-13','ASOCIADO A.M.P.I. DEL ESTADO DE QUINTANA ROO. AMP970829EV1AI005000010'),(136,'ELZA MARIA','VARELA','MIRANDA','VAME551010L27',1,'004','OCHO DE OCTUBRE','CALLE MANUEL PEREZ TREVIÑO ESQUINA CALLE JUSTO SIERRA','','','84','77028','9838323437','9831027797','chetumalbienesraices@gmail.com','PRESIDENTE AMPI CHETUMAL 2016',0,29,'72014535276199976','VAME551010L27FS004000136','CHETUMAL, QUINTANA ROO','2016-11-23','assets/imagenes/asesores/elza_varela.jpg','2017-01-13',''),(137,'PROMOTORA MUNDACA S.A. DE C.V.','','','PMU0707127F0',2,'003','CENTRO','CALLE MATAMOROS ENTRE AV. JUAREZ Y MIGUEL HIDALGO','','','LOTE 24','77400','9988770329','9981001345','mariana@mundaca.com.mx','REP. LEGAL MONICA MARIANA SANCHEZ GONZALEZ.',0,29,'72025319926168276','PMU0707127F0MR003000137','ISLA MUJERES, QUINTANA ROO','2016-11-23','assets/imagenes/asesores/mundaca_monica.jpg','2016-12-02',''),(138,'SEIGRANDES S.A. DE C.V.','','','SEI8312219P4',2,'008','CENTRO','CERRADA PLAYA LANGOSTA ENTRE AV. PLAYA AZUL Y AV. DEL CARMEN','','','1384 C','77711','9848793672','9848794390','direccion@seigrandes.com','REP. LEGAL LIC. JORGE FUENTES VASQUEZ',0,29,'72081794706229288','SEI8312219P4MR008000138','PLAYA DEL CARMEN, QUINTANA ROO','2016-11-23','assets/imagenes/asesores/jorgefuentes_seigrandes.JPG','2017-01-13',''),(139,'MARIA CARMEN','DIAZ','MARTINEZ','DIMC660106G75',1,'008','FRACC. LAS QUINTAS','CALLE 20 ENTRE AV. 10 Y AV. 20','82','','LOTE 153 ','77710','9848793465','','marycd@hotmail.com','',0,29,'72081580356106260','DIMC660106G75FS008000139','PLAYA DEL CARMEN, QUINTANA ROO','2016-11-23','assets/imagenes/asesores/mariacarmen_diaz.jpg','2017-01-16',''),(140,'PATRICIO','GABRIEL','DURANTE','DUPA750728481',1,'008','PLAYA CAR FASE II','AV. BALAMKANCHE, LOTE 02','30','','LOCAL 13','77710','9848762197','','pdurante@nimbosrealty.com','',0,29,'72081785626229295','DUPA750728481FS008000140','PLAYA DEL CARMEN, QUINTANA ROO','2016-11-23','assets/imagenes/asesores/patricio_durant.jpg','2017-01-13',''),(141,'RENT FOR VACATION S.A. DE C.V.','','','RFV100121TV0',2,'008','PLAYACAR FASE II','AV. BALAMKANCHE, LOTE 02','30','','LOC. 13','77710','9848762197','','pdurante@nimbosrealty.com','RENT FOR VACATION, S.A. DE C.V. REPRESENTANTE LEGAL. PATRICIO GABRIEL DURANTE.',0,29,'72081785586229251','RFV100121TV0MR008000141','PLAYA DEL CARMEN, QUINTANA ROO','2016-11-25','assets/imagenes/asesores/patricio_durant.jpg','2017-01-13',''),(142,'CAMARA NACIONAL DE COMERCIO, SERVICIOS Y TURISMO ','PLAYA DEL CARMEN','','CNC0912045E7',3,'008','GONZALO GUERRERO','AV. 45 ENTRE AV. 22 Y AV. 24','08','','','77710','9848730923','','presidentecanacoplaya@outlook.com','REP. LEGAL. PABLO HILARIO ALCOCER GONGORA. 2016.\r\nPRESIDENTE  JOSE LUIS HERNANDEZ BARRAGAN 2017',0,31,'72081805556229283','CNC0912045E7AI008000142','PLAYA DEL CARMEN, QUINTANA ROO','2016-11-25','assets/imagenes/asesores/CANACO_SERV.jpg','2017-01-13',''),(143,'BURO JURIDICO DEL CARIBE S.C.P.','','','BJC080919J67',2,'008','CENTRO','AV.40 NTE., ESQ. CALLE 6 NTE., OFICINA 5, PISO 1','71','','OFICINA 5, P','77711','9848032751','','jmlp11@hotmail.com','REP. LEGAL LIC. JUAN MANUEL LOPEZ PINTO.',0,29,'72081865026261263','BJC080919J67MR008000143','PLAYA DEL CARMEN, QUINTANA ROO','2016-11-25','assets/imagenes/asesores/manuel_pinto.jpg','2017-01-16',''),(144,'NORMA EDNA','GOMEZ','MARTINEZ','GOMN700524P78',1,'008','CENTRO','AV.COZUMEL S/N ENTRE LA 28 NTE Y LA 26 NTE','','','DEPTO. 05','77710','8444146708','','','',0,29,'72081558616106917','GOMN700524P78FS008000144','PLAYA DEL CARMEN, QUINTANA ROO','2016-11-25','assets/imagenes/asesores/norma_edna.jpg','2017-01-13',''),(145,'SUEYIN COROMOTO','AGELVIS ','ACUÑA','AEAS7509055L3',1,'005','SUPERMANZANA 48','CALLE PALMA CARIBEÑA EDIFICIO 8','06','','DEPTO 3A','77507','','9982425459','sagelvis@costarealty.com.mx','SOCIO AMPI SECCION CANCUN',0,31,'72025470136199231','AEAS7509055L3FS005000145','CANCÚN, QUINTANA ROO','2016-12-07','assets/imagenes/asesores/sueyin_coromoto.JPG','2017-03-22',''),(146,'CATALINO','MARTIN','CASTILLO','MACC541228J21',1,'005','SUPERMANZANA 27','CALLE LANGOSTA RET 06','05','','03','77500','9841456654','9841456654','martin_cumbres@hotmail.com','AFILIADO A CANACO SERVYTUR PLAYA DEL CARMEN',0,29,'72081993736323291','MACC541228J21FS005000146','CANCUN, QUINTANA ROO','2016-12-15','assets/imagenes/asesores/catalino_martin.jpg','2017-01-13',''),(147,'ROBERTO ENRIQUE ','CEBALLOS','CETINA','CECR791011GA2',1,'005','SUPERMANZANA 27','CALLE LANGOSTA RET 06','05','','03','77500','9982803826','9982803826','rceballos79@hotmail.com','AFILIADO CANACO SERVYTUR PLAYA DEL CARMEN ',0,29,'72081993746323205','CECR791011GA2FS005000147','CANCÚN, QUINTANA ROO','2016-12-15','assets/imagenes/asesores/roberto_ceballos.jpg','2017-01-13',''),(148,'MARIA ROBERTA ','CETINA ','SANTOYO','CESR580325SBA',1,'005','SUPERMANZANA 27','CALLE LANGOSTA RET 06','','','03','77500','9982796832','9982796832','cetina.maria@hotmail.com','AFILIADO CANACO SERVYTUR PLAYA DEL CARMEN',0,29,'72025975696323209','CESR580325SBAFS005000148','CANCÚN, QUINTANA ROO','2016-12-15','assets/imagenes/asesores/maria_cetina.jpg','2016-12-15',''),(149,'NANCY','POMMER','MARTINEZ','   POMN7305275Z',1,'005','SUPERMANZANA 50','CALLE TEPICH LOTE 1-03 RES. LA CALMA','83','','65','77533','9988828495','9982146000','nancy@sommercancun.com.mx','MIEMBRO AMPI CANCUN, Q. ROO.',0,29,'72025563076229217','   POMN7305275ZFS005000149','CANCÚN, QUINTANA ROO','2017-01-13','assets/imagenes/asesores/nancy_pomer.jpg','2017-01-13',''),(150,'HORACIO ALEJANDRO','LOPEZ','HERRERA','LOHH560324QZ1',1,'008','EJIDAL NORTE','CALLE 4 NTE, LOTE 09','193','','09','77712','9847450426','9847450426','hlopez@playainn.com','',0,29,'72082011456323280','LOHH560324QZ1FS008000150','PLAYA DEL CARMEN, QUINTANA ROO','2017-01-16','assets/imagenes/asesores/horacio_lopez.JPG','2017-01-16',''),(151,'MARIA TERESA','VILLEGAS','FRANCO','VIFT5904283V0',1,'005','FRACC. GRAN SANTA FE I','PASEO DE LA VALENCIANA SMZA 316','14','','LOTE 19','77535','9982011859','','tetevillegas@yahoo.com','',0,29,'72025481786199206','VIFT5904283V0FS005000151','CANCÚN, QUINTANA ROO','2017-01-20','assets/imagenes/asesores/teresa_villegas.jpg','2017-01-20',''),(152,'LAURA CONSUELO','DE NICOLAS ','MARTINEZ','NIML571011BI2',1,'008','FRACCIONAMIENTO LAS PALMAS 1','CALLE AGUILAS ','87','','76','77723','9841040172','','laura.denicolas@hotmail.com','',0,31,'72082039346323236','NIML571011BI2FS008000152','PLAYA DEL CARMEN','2017-03-15','assets/imagenes/asesores/1LAURA_CONSUELO.jpg','2017-03-22',''),(153,'MARIA ROBERTA','CETINA','SANTOYO','CESR580325SBA',1,'005','SM 27','CALLE LANGOSTA','5','','03','77500','9982796832','','etina.maria@hotmail.com','',0,31,'72025975696323209','CESR580325SBAFS005000153','CANCUN','2017-03-15','assets/imagenes/asesores/2ROBERTA_CETINASANTOYO.JPG','2017-03-22',''),(154,'SANDY KARINA','VAZQUEZ','LAZARO','VALS9411243C1',1,'008','LUIS DONALDO COLOSIO','98 NTE','501','','L-11','77728','9841873920','','sandy_vazquez19@hotmail.com','',0,31,'72082052556354256','VALS9411243C1FS008000154','PLAYA DEL CARMEN','2017-03-15','assets/imagenes/asesores/3sandy_vazquezlazaro.jpg','2017-03-22',''),(155,'ELSA GUADALUPE','SOTRES','FLORES','SOFE590126CN0',1,'008','FRACCIONAMIENTO MARBELLA','CALLE PLAYA XCALACOCO','24','','11','77727','9841430778','','elsasotresf@gmail.com','',0,31,'72082024516323222','SOFE590126CN0FS008000155','PLAYA DEL CARMEN','2017-03-15','assets/imagenes/asesores/4ELSA_SOTRES.jpg','2017-03-22',''),(156,'ROBERTO','FELIX','CERVANTES','FECR780707KD9',1,'008','RESIDENCIAL CATALUÑA','AV. PASEOS DEL MAYAB','45','','18','77725','9841051692','','roberfelce@gmail.com','',0,31,'72082029686323203','FECR780707KD9FS008000156','PLAYA DEL CARMEN','2017-03-15','assets/imagenes/asesores/5ROBERTO_FELIXCERVANTES.jpg','2017-03-22',''),(157,'PEDRO LUIS','FRANK','MARTINEZ','FAMP710521QMA',1,'008','FRACCIONAMIENTO TOHOKU','20 AV.','99','','382','77720','9841193455','','micasitadeplaya@gmail.com','',0,31,'72082030376323213','FAMP710521QMAFS008000157','PLAYA DEL CARMEN','2017-03-15','assets/imagenes/asesores/6PEDRO_FRANKMARTINEZ.jpg','2017-03-22',''),(158,'VIOLETA JACARI','MARTINEZ','MENDOZA','MAMV551112DK8',1,'008','FRACCIONAMIENTO XAMAN HA','CALLE 1ERA AV. NORTE','','','282 A-2','77710','9841134443','','violetamtzmx@gmail.com','',0,31,'72082039296323278','MAMV551112DK8FS008000158','PLAYA DEL CARMEN','2017-03-15','assets/imagenes/asesores/7violetajacari_MARTINEZMENDOZA.jpg','2017-03-22',''),(159,'RICARDO','GUTIERREZ','ZINTZUN','GUZR7912266MI',1,'008','ZAC PACAL','CALLE 34 NTE','95','','21','77710','9982794367','','WIKIREALTOR@HOTMAIL.COM','',0,31,'72082008306323215','GUZR7912266MIFS008000159','PLAYA DEL CARMEN','2017-03-16','assets/imagenes/asesores/8RICARDO_GUTIERREZZINTZUN.jpg','2017-03-22',''),(160,'ALMA SABRINA','DURAN','MACIAS','DUMA641214T52',1,'008','PLAYACAR FASE II','RETORNO COPAN','','','115','77717','9841005728','','sabriduran@hotmail.com','',0,31,'72082008996323295','DUMA641214T52FS008000160','PLAYA DEL CARMEN','2017-03-16','assets/imagenes/asesores/9sabrina_duranmacias.jpg','2017-03-22',''),(161,'RICARDO JESUS','BARTON','GUAJARDO','BAGR59O227HFI',1,'008','PLAZA CHEDRAUI','CALLE 3 SUR','','','LOCAL 31','77710','9848794646','9848777137','ricardo@ruizbarton.com','PAGO ACREDITACIÓN 72082023396323503',0,31,'72082023376323925','BAGR59O227HFIFS008000161','PLAYA DEL CARMEN','2017-03-16','assets/imagenes/asesores/10ricardo_barton.jpg','2017-03-22',''),(162,'MARCO ANTONIO','VERA ','EICHNER','VEEM6411230CP0',1,'008','FRACCIONAMIENTO REAL IBIZA','PRIVADA ANDANES II','11','','206','77723','9841389512','','marco.eichner@gmail.com','',0,31,'72082008516323252','VEEM6411230CP0FS008000162','PLAYA DEL CARMEN','2017-03-16','assets/imagenes/asesores/11marco_veraeichner.jpg','2017-03-22',''),(163,'EDGAR FREDY','LOPEZ','CAMACHO','LOCE750928U82',1,'008','BOSQUE REAL','CALLE MONTE DE LAS CASCADAS','32','','27','77711','9848043737','','garyplayadelcarmen77@gmail.com','',0,31,'72082003006323285','LOCE750928U82FS008000163','PLAYA DEL CARMEN','2017-03-16','assets/imagenes/asesores/12fredy_lopezcamacho.jpg','2017-03-22',''),(164,'MARIANO ALFREDO','OLIVARES','ZUÑIGA','OIZM500726BR8',1,'008','GONZALO GUERRERO','CALLE 14 NTE','114','','DEPTO. 4','77720','9841340192','','maoz_fredy@yahoo.com.mx','',0,31,'72025582986229269','OIZM500726BR8FS008000164','PLAYA DEL CARMEN','2017-03-16','assets/imagenes/asesores/13MARIANO_OLIVARES.jpg','2017-03-22',''),(165,'PROMOTORA MUNDACA S.A. DE C.V.','','','PMU0707127F0',2,'003','CENTRO','CALLE MATAMOROS','','','L-24','77400','9988770329','9981001345','mariana@mundaca.com.mx','REP. LEGAL MONICA MARIANA SANCHEZ GONZALEZ.',0,31,'72025319926168276','PMU0707127F0MR003000165','ISLA MUJERES','2017-03-16','assets/imagenes/asesores/14Prom_Mundaca.JPG','2017-03-22',''),(166,'ENTERPRISES RIVIERA MAYAN S. DE R.L. DE C.V.','','','PIAM810110A82',2,'011','SM. 1','CALLE RAFAEL E. MELGAR','1','','L-2','','9981099939','','amber@mayanrivieraproperties.com','REP. LEGAL. AMBER RAE PIERCE',0,31,'72026458136382048','PIAM810110A82MR011000166','PUERTO MORELOS','2017-03-16','assets/imagenes/asesores/15ENTERPRISESRIVERAMAYAN_AmberRaePierce.jpg','2017-03-22',''),(167,'ELIZABETH','VEGA','TRUJILLO','VETE6707112HA',1,'005','SM 308','BLVD. LUIS DONALDO COLOSIO','2','','L-06','77560','9988821901','9988451299','liz.vega@hotmail.com','',0,31,'72015494516382062','VETE6707112HAFS005000167','CANCUN','2017-03-16','assets/imagenes/asesores/18elizabeth_vega.jpeg','2017-03-22',''),(168,'YVONNE','KÜHNE','NOTHOLT','HUNY7003061I7',1,'005','SM. 57 RESIDENCIAL LAS AMERICAS','CALLE EL SALVADOR','18','','2','','9981714324','','yvonne.kuhne.cancun@hotmail.com','',0,31,'72024965396106204','HUNY7003061I7FS005000168','CANCUN','2017-03-16','assets/imagenes/asesores/19Yvonne_kuhne.jpg','2017-03-22',''),(169,'DIDA CORPORATION S.A. DE C.V.','','','DCO050629PD9',2,'008','CENTRO','CALLE 12 NTE','55','','L-08','77710','9848032231','','info@vimexvacationrentais.com','REP. LEGAL JANAIRE ANDRICE BOGER',0,31,'72015488476382067','DCO050629PD9MR008000169','PLAYA DEL CARMEN','2017-03-16','assets/imagenes/asesores/20DIDACORPORATIONjanaire_andrice.jpeg','2017-03-22',''),(170,'BACALAR HOLDINGS S.A. DE C.V.','','','BHO050304RW2',2,'010','GONZALO GUERRERO','AV. 19 LIBRAMIENTO','','','LOCAL 4','77931','','9831075780','bacalarholdings@hotmail.com','REP. LEGAL NINIVE KARINA USCANGA CANO ',0,31,'72015487036382051','BHO050304RW2MR010000170','BACALAR','2017-03-16','assets/imagenes/asesores/22bacalar_holdingssadecv.png','2017-03-22',''),(171,'CARIBBEAN REAL ESTATE DEL SURESTE S.A. DE C.V.','','','CRE1511062Z6',2,'005','SM. 11','AV. ACANCEH','2','','3-B','77580','9985001604','','emitsunaga@cabeanrealtors.com.mx','REP. LEGAL EDWIN MITSUNAGA MAGAÑA',0,31,'72026477276382029','CRE1511062Z6MR005000171','CANCUN','2017-03-16','assets/imagenes/asesores/23CARIBBEAN_REAL.jpg','2017-03-22',''),(172,'INTERNAT AREA S. DE R.L. DE C.V.','','','IAR090402873',2,'008','CENTRO','AVE. 10 NTE','122','','DEPTO A-03','77710','9841194183','9848031278','bjoern@area-international.com','REP. LEGAL BJOERN KOCH',0,31,'72082108306354205','IAR090402873MR008000172','PLAYA DEL CARMEN','2017-03-16','assets/imagenes/asesores/24INTERNATAREA_BJOERNKOCH.jpg','2017-03-22',''),(173,'LAURA EUGENIA','ALVAREZ','GUDIÑO','AAGL601105LA8',1,'005','SM. 03','CALLE PARGO','17','','36','77500','AAGL601105','','laugen5@gmail.com','',0,31,'72025469156199290','AAGL601105LA8FS005000173','CANCUN','2017-03-16','assets/imagenes/asesores/32LAURA_ALVAREZG.jpg','2017-03-22',''),(174,'MARIA CELESTE','ANDRADE','DIAZ','AADC690924C98',1,'005','RESIDENCIAL CUMBRES','CALLE MONTE LIBANO','72','','30','77560','9982416686','','cancunrs@outlook.com','',0,31,'72026518546382058','AADC690924C98FS005000174','CANCUN','2017-03-16','assets/imagenes/asesores/34CELESTE_ANDRADE.JPG','2017-03-22',''),(175,'MOSKOTROPICAL S.A. DE C.V.','','','MOS131203K90',2,'008','CENTRO','AV. 10 NTE','38','','250','77710','9848032582','','diego@moskitopm.com','REP. LEGAL. DIEGO GARCIA GUZMAN',0,31,'72082162606382059','MOS131203K90MR008000175','PLAYA DEL CARMEN','2017-03-16','assets/imagenes/asesores/35MOSKOTROPICAL_DIEGO.jpg','2017-03-22',''),(176,'THE LIGHTHOUSE RESIDENCES ASOCIACION DE CONDOMINIOS AC','','','LRA130626FN7',2,'008','CENTRO','CALLE 10 NORTE','21','','L-01','77710','9848034718','','elfarohoa@gmail.com','APOD. LEGAL ARISTI HATZIEVAGELOU',0,31,'72015603236382097','LRA130626FN7MR008000176','PLAYA DEL CARMEN','2017-03-16','assets/imagenes/asesores/36LIGHTHOUSE_RESIDENCES.jpg','2017-03-22',''),(177,'MARCO','CATINO','','CAMA801112NW7',1,'008','COLOSIO','CALLE 52 NORTE','271','','16','77728','9841284148','','marco.catino@hotmail.com','',0,31,'72082162646382006','CAMA801112NW7FS008000177','PLAYA DEL CARMEN','2017-03-16','assets/imagenes/asesores/37MARCO_CATINO.jpg','2017-03-22',''),(178,'C & J PROPERTIES S. DE R.L. DE C.V.','','','CPR090330QC7',2,'008','FRACCIONAMIENTO LOL TUN','CALLE UACPEE','','','89','77710','9848790369','','deanna@coastalhomesrivieramaya.com','REP. LEGAL DEANNA MARGUERITE ARCHER ',0,31,'72082165386382062','CPR090330QC7MR008000178','PLAYA DEL CARMEN','2017-03-16','assets/imagenes/asesores/39C_JPROPERTIESDEANNA.jpg','2017-03-22',''),(179,'CONECTOP S.A. DE C.V.','','','CON080515EFA',2,'008','FRACC. REAL DEL SOL','CALLE CHACA','01','','S/N','77725','9982793290','','sergio@topquintanaroo.com ','REP. LEGAL  SERGIO ANTULIO TOPETE CORRAL ',0,31,'72082117316382021','CON080515EFAMR008000179','PLAYA DEL CARMEN','2017-03-16','assets/imagenes/asesores/42CONECTOP_Sergiotopete.jpg','2017-03-22',''),(180,'ROBERTO','RUELLO','DANONE','RUDR700808RD7',1,'008','ZAZIL-HA','5TA AV. ','152','','DEPTO B-02','77720','9988454505','','lalanterna12@hotmail.com','',0,31,'72082181666416001','RUDR700808RD7FS008000180','PLAYA DEL CARMEN','2017-03-16','assets/imagenes/asesores/44Roberto_RUELLODANONE.jpg','2017-03-22',''),(181,'MARIA AUREA','RODRIGUEZ DE LA VEGA','LOPEZ DE HEREDIA','ROLA640604CZ2',1,'005','SM. 57 FRACC. LAS AMERICAS','AV. LAS AMERICAS','22','','L-03','77533','9982022584','','aureardelav@hotmail.com','',0,31,'72026596586416075','ROLA640604CZ2FS005000181','CANCUN','2017-03-16','assets/imagenes/asesores/46MARIAAUREA_RODRIGUEZdelavega.jpg','2017-03-22',''),(182,'ALEJANDRO','VAZQUEZ','AMAYA','VAAA670423UM6',1,'008','EJIDO','AV. CONSTITUYENTES','112','','L-02','77710','9841170238','','alejandrovazquez@yalahice.com','',0,31,'72082024616323235','VAAA670423UM6FS008000182','PLAYA DEL CARMEN','2017-03-16','assets/imagenes/asesores/47ALEJANDRO_VAZQUEZAMAYA.jpg','2017-03-22',''),(183,'BJOERN','KOCH','','KOPB730130PF5',1,'008','FRACC. REAL PAKAL','RETORNO PAKAL','16','','DEPTO E4-PH','77710','9841194183','','bjoern@area-international.com','',0,31,'72082108976354263','KOPB730130PF5FS008000183','PLAYA DEL CARMEN','2017-03-16','assets/imagenes/asesores/25BJOERN_KOCH.jpg','2017-03-22',''),(184,'GARY','MARTIN','WENDT','WEGA501106AG6',1,'008','CENTRO','1 AVE. NORTE','24','','L-6','77710','9841169696','','gary@playacitizen.com','',0,31,'72082008486323219','WEGA501106AG6FS008000184','PLAYA DEL CARMEN','2017-05-02','assets/imagenes/asesores/1GARY_MWEND.jpg','2017-05-11','ASOCIADO CANACO SERVYTUR PLAYA DEL CARMEN'),(185,'DSELCO Y ASOCIADOS S.A. DE C.V. ','','','DAS100721CT1',2,'008','','CARRETERA FEDERAL LOCAL 70','293','','L-01','','9848032058','','info@selva-co.com','APOD. LEGAL EVARISTO DAVID SELVA ROMERO',0,31,'72015687036416049','DAS100721CT1MR008000185','PLAYA DEL CARMEN','2017-05-02','assets/imagenes/asesores/2DSELCO_ASOCIADOS.jpg','2017-05-11',''),(186,'JORGE','GONZALEZ','HERNANDEZ','GOHJ750403R62',1,'008','SANTA FE','FUENTE DE LA BASTILLA SMZA 56','5','','L-10','','9841576097','','jorge.facturasplaya@gmail.com','',0,31,'72082195656416077','GOHJ750403R62FS008000186','PLAYA DEL CARMEN','2017-05-02','assets/imagenes/asesores/3JORGE_GLEZHDEZ.JPG','2017-05-11','ASOCIADO CANACO SERVYTUR PLAYA DEL CARMEN'),(187,'GUADALUPE','LARIOS','PANIAGUA','LAPG66I228TG9',1,'008','CENTRO','AV. 10, ENTRE CALLES 10 Y 10 BIS','4','','L-02','77710','9841660589','','lupitalarios.48@gmail.com','',0,31,'72082000446323233','LAPG66I228TG9FS008000187','PLAYA DEL CARMEN','2017-05-02','assets/imagenes/asesores/4GUADALUPE_LARIOS.jpg','2017-05-11','ASOCIADO CANACO SERVYTUR PLAYA DEL CARMEN'),(188,'CHRISTOPHER','MATEOS','BASTOS','MABC810427CJ6',1,'008','LOS OLIVOS','CERRADA MANGO LOTE 1','26','','116','','9847455554','','c_mateos_b@hotmail.com','',0,31,'72082010756323205','MABC810427CJ6FS008000188','PLAYA DEL CARMEN','2017-05-02','assets/imagenes/asesores/5CHISTOPHER_mateos.jpg','2017-05-11','ASOCIADO CANACO SERVYTUR PLAYA DEL CARMEN'),(189,'GUILLERMINA','LOMELI','LOPEZ','LOLG740417KT7',1,'008','LAS PALMAS','QUETZALES L-05','93','','79','77712','9941577357','','glomelilo@hotmail.com','',0,31,'72082037616323208','LOLG740417KT7FS008000189','PLAYA DEL CARMEN','2017-05-02','assets/imagenes/asesores/6GuillerminaLOMELI_LOPEZ.jpg','2017-05-11','ASOCIADO CANACO SERVYTUR PLAYA DEL CARMEN'),(190,'CARLOS ALFREDO','DACCARETT','PLASCENCIA LEON','DAPC810920DM2',1,'008','PLAYACAR FASE II','RETORNO AKAB','18','103 B','L-10','77717','9841366191','','carlos.daccarett@me.com','',0,31,'72082233486446010','DAPC810920DM2FS008000190','PLAYA DEL CARMEN','2017-05-02','assets/imagenes/asesores/7CARLOS_DACCARETT.png','2017-05-11','ASOCIADO A.M.P.I. SECCIÓN PLAYA DEL CARMEN'),(191,'MARIA DE LOURDES','MEDINA','SANTOYO','MESL660313RQ7',1,'008','CENTRO','AVE. 10, DEPTO','122','','03','77710','9841154661','9848031278','loumedina13@gmail.com','',0,31,'72082233846446809','MESL660313RQ7FS008000191','PLAYA DEL CARMEN','2017-05-02','assets/imagenes/asesores/10mariadeLourdes_medinasantoyo.jpeg','2017-05-11','ASOCIADO A.M.P.I. SECCIÓN PLAYA DEL CARMEN'),(192,'ANGELICA','VILLALOBOS','CASTAÑEDA','VICA720731CM5',1,'001','ANDRES QUINTANA ROO','CALLE 19, ESQ. GONZALO GUERRERO ','','','','77666','9878695131','','angelicavillalobos@live.com.mx','',0,31,'72031002516446041','VICA720731CM5FS001000192','COZUMEL','2017-05-02','assets/imagenes/asesores/11ANGELICA_VILLALOBOS.JPG','2017-05-11',''),(193,'COZUMEL REALESTATE S.A. DE C.V. ','','','CRE040915JZ7',2,'001','ANDRES QUINTANA ROO','10 AVE. SUR, ENTRE 17 Y 19','','','1199','77664','9878691234','','info@cozumelforsale.com claudia@cozumelforsale.com','REP. LEGAL HENNY WATTS',0,31,'72031002786446047','CRE040915JZ7MR001000193','COZUMEL','2017-05-02','assets/imagenes/asesores/12COZUMEL_HENNY.jpg','2017-05-11',''),(194,'ROGER FRANCISCO ALVARO','CHAVARRIA','MONDRAGON','CAMR570219FZ9',1,'008','QUINTAS DEL CARMEN','CIRCUITO 26, LOTE 22','78','001','170B','77710','9848079745','','terravalorglobal@gmail.com','',0,31,'72015743796446039','CAMR570219FZ9FS008000194','PLAYA DEL CARMEN','2017-05-02','assets/imagenes/asesores/13ROGER_CHAVARRIA.jpg','2017-05-11','ASOCIADO CANACO SERVYTUR PLAYA DEL CARMEN'),(195,'FRANCISCO','GONZALEZ','VARGAS','GOVF670913HL3',1,'005','SMZA 4','CALLE FUEGO, RETORNO 8','9','','L-13','77500','9981454979','','carabali@live.com, fgonzalez@carabali.com.mx','',0,31,'72026697456446023','GOVF670913HL3FS005000195','CANCUN','2017-05-02','assets/imagenes/asesores/14FCO_GLEZVARGAS.JPG','2017-05-11',''),(196,'MIGUEL ANGEL','RUBIO','VARGAS','RUVM7203191K7',1,'005','CONDOMINIO PALMERAS PUERTO CANCUN','AV. BONAMPAK Y AV. REFORMA, LOCAL 205 Y 206','3','','L-11','77500','9982144716','','mrubio@housebook.com.mx','',0,31,'72026690636446005','RUVM7203191K7FS005000196','CANCÚN, QUINTANA ROO','2017-05-02','assets/imagenes/asesores/15MIGUELANGEL_RUBIO.jpg','2017-05-11',''),(197,'TREVOR','RICHARD','NOEL','NOTR750207JL1',1,'008','CENTRO','CALLE 6 NORTE, ENTRE AV. 20 Y AV. 25','19','','L-19A','77710','9841471252','9841646935','trevornoel@gmail.com','',0,31,'72082250296446079','NOTR750207JL1FS008000197','PLAYA DEL CARMEN, QUINTANA ROO','2017-05-02','assets/imagenes/asesores/19TREVOR_RICHARD.jpg','2017-05-11',''),(198,'GOLDEN DIAMOND REALTY S.A. DE C.V. ','','','GDR060714STA',2,'005','PLAZA SAN ANGEL INN','AV. ACANCEH, SM-15A, LOCAL 5, PLANTA BAJA ','3','','L-3','77500','9988847533','9981519292','goldia_realty@hotmail.com','REP. LEGAL JAVIER MUÑOS MORALES',0,31,'72026684966446029','GDR060714STAMR005000198','CANCÚN, QUINTANA ROO','2017-05-02','assets/imagenes/asesores/20GoldenDiamond_realy.JPG','2017-05-11',''),(199,'CONSTRUCTORA PLAYA DEL CARIBE S. DE R.L. DE C.V. ','','','CPC090206LF0',2,'008','CENTRO','10 AV. NORTE, L-05, ENTRE CALLES 14 BIS Y 16 ','','','258','77710','9848035014','','araguzman.m@gmail.com','REP. LEGAL CHRISTOPHER JAMES RAUTON',0,31,'72015752286446062','CPC090206LF0MR008000199','PLAYA DEL CARMEN, QUINTANA ROO','2017-05-02','assets/imagenes/asesores/21CONSTRUCTORAPLAYA_CARIBERAUTON.jpg','2017-05-11',''),(200,'PATRICIA','HERRERA','LOPEZ','HELP621127DY1',1,'008','EJIDAL','AV. 60 NORTE, ENTRE 8 Y 10 NORTE ','18','','L-04','77710','9848795062','','pherrera@sirmexico.com','',0,31,'72082258676446051','HELP621127DY1FS008000200','PLAYA DEL CARMEN, QUINTANA ROO','2017-05-02','assets/imagenes/asesores/23PATRICIA_HERRERA.jpg','2017-05-11',''),(201,'JESUS','LOPEZ','ENRIQUEZ','LOEJ580608B65',1,'008','GALAXIA DEL CARMEN II','RIO SANTA MARIA, LOTE 01','13','','41','77723','9848045597','','playajle58@hotmail.com','',0,31,'72082263296446052','LOEJ580608B65FS008000201','PLAYA DEL CARMEN, QUINTANA ROO','2017-05-02','assets/imagenes/asesores/26Jesus_LopezEnriquez.jpg','2017-05-11',''),(202,'CRISTINA','ROMERO','OLIVA','ROOC7003087R5',1,'001','ANDRES QUINTANA ROO','CALLE 21 SUR ENTRE 15 Y 15 BIS','','','1299','77563','9878691690','','cristina@cedral.com','',0,31,'72031011136446013','ROOC7003087R5FS001000202','COZUMEL, QUINTANA ROO','2017-05-02','assets/imagenes/asesores/28CRISTINA_ROMEROOLIVA.jpg','2017-05-11',''),(203,'RENE','DIAZ','','DIRE750909H44',1,'008','CENTRO','CALLE 12 NTE ENTRE AV. 15 Y 20','55','','L-08','77710','9845931776','','zonacariberealty@gmail.com','',0,31,'72082262876446091','DIRE750909H44FS008000203','PLAYA DEL CARMEN, QUINTANA ROO','2017-05-02','assets/imagenes/asesores/30RENE_DIAZ.jpg','2017-05-11','ASOCIADO CANACO SERVYTUR PLAYA DEL CARMEN'),(204,'MARIANA','OZUNA','GALEANA','OUGM841102356',1,'008','LOS OLIVOS','CERRADA MANGO LOTE 1','26','','116','77714','9841429303','','allpropertyre@gmail.com','',0,31,'72082277396446055','OUGM841102356FS008000204','PLAYA DEL CARMEN, QUINTANA ROO','2017-05-02','assets/imagenes/asesores/31MARIANA_OZUNA.jpg','2017-05-11','ASOCIADO CANACO SERVYTUR PLAYA DEL CARMEN'),(205,'BEATRIZ ALEJANDRINA ','MENDOZA','MARTIN','MEMB780803S76',1,'008','BOSQUE REAL','CDA LOS ALMENDROS 2','3','','15','77710','9841577305','','bealemendoza@gmail.com','',0,31,'72082263026446046','MEMB780803S76FS008000205','PLAYA DEL CARMEN, QUINTANA ROO','2017-05-02','assets/imagenes/asesores/32BEATRIZ_MENDOZA.JPG','2017-05-11','ASOCIADO CANACO SERVYTUR PLAYA DEL CARMEN'),(206,'ASOCIACION MEXICANA DE LA INDUSTRIA INMOBILIARIA A.C.','','','AMA1508311L7',3,'008','PLAYACAR FASE II','AV. TULUM, EDIF. BUGAMBILIAS, LOCALES 8,9 Y 27','19','','L-8A','77710','9848731986','','presidencia.amii@gmail.com','APOD. WILBERTH GUTIERREZ ALVAREZ',0,31,'72082268006446012','AMA1508311L7AI008000206','PLAYA DEL CARMEN, QUINTANA ROO','2017-05-02','assets/imagenes/asesores/33AMII.jpg','2017-05-11',''),(207,'JOSE LUIS','FRANCISCO','PEREZ','PELU621031E46',1,'008','LA TOSCANA','CALLE PASEO DE TOLEDO, SMZA 70','18','','L-03','','9841183619','','perez_frank63@hotmail.com','',0,31,'72082234526446071','PELU621031E46FS008000207','PLAYA DEL CARMEN, QUINTANA ROO','2017-05-02','assets/imagenes/asesores/34JOSELUIS_PEREZ.jpg','2017-05-11','ASOCIADO CANACO SERVYTUR PLAYA DEL CARMEN'),(208,'PABLO','RIVERO','GARCÍA RAMOS','RIGP740914BH1',1,'008','CENTRO','AV. 40 LOTE 02','33','','INT. 09','77710','9848048233','9841225122','pablorgr@hotmail.com, p.rivero@lagunasdemayakoba.com','',0,31,'72082269316446079','RIGP740914BH1FS008000208','PLAYA DEL CARMEN, QUINTANA ROO','2017-05-02','assets/imagenes/asesores/35PABLO_RIVERO.jpg','2017-05-11','ASOCIADO CANACO SERVYTUR PLAYA DEL CARMEN'),(209,'ELOISA','GARCIA','ALMANZA','GAAE66061938A',1,'008','GONZALO GUERRERO','5TA. AVENIDA NORTE ENTRE 34 Y 38','04','','LOTE-007-1','77710','9841163827','','egarcia@sirrivieramaya.com','',0,31,'72082289736478074','GAAE66061938AFS008000209','PLAYA DEL CARMEN, QUINTANA ROO','2017-05-04','assets/imagenes/asesores/36ELOISA_GARCIA.jpg','2017-05-11',''),(214,'CARLOS GUSTAVO','DUMONT','BANEGAS ','DUBC760203C8A',1,'008','ZAZIL-HA','AV. 10 ESQ. CALLE 40','149','','LOTE 01','77710','9841473022','9841113586','carles@mexicoluxuryproperties.com','',0,31,'72082324066478034','DUBC760203C8AFS008000214','PLAYA DEL CARMEN, QUINTANA ROO','2017-06-22','assets/imagenes/asesores/6CARLOS_DUMONT.jpg','2017-06-27',''),(210,'ERIKA','VIZCARRA','DAVILA','VIDE770217QT1',1,'008','PLAYACAR FASE II','RETORNO CHICHEN ITZA','16','LOTE 08','DEPTO. E4-2','77717','9841198165','','erika@geckocaribbean.com','',0,31,'72082319726478050','VIDE770217QT1FS008000210','PLAYA DEL CARMEN, QUINTANA ROO','2017-06-22','assets/imagenes/asesores/2ERIKA_VIZACARRA.png','2017-06-27',''),(211,'ROSA LUZ CECILIA ','CALDERON ','CORPI','CACR5708298T1',1,'008','PLAYACAR FASE II','CHICHEN ITZA, EDIFICIO AKOYA, DEPTO. 210','16','LOTE 43','3','','9848033589','','rcalderon@sirrivieramaya.com','',0,31,'72082320436478082','CACR5708298T1FS008000211','PLAYA DEL CARMEN, QUINTANA ROO','2017-06-22','assets/imagenes/asesores/3ROSA_CALDERON.jpg','2017-06-27',''),(212,'MONSERRAT','BELTRAN','FERNANDEZ','BEFM810430RT9',1,'008','CENTRO','PLAZA PARAISO CARIBE ENTRE CALLE 7 SUR DIAGONAL Y AV. 10 Y 15, LOCALES 30 Y 31','35','','LOTE 01','77710','9841886963','','beltranmonse@yahoo.com, monse@oceanrealtysolutions.com','',0,31,'72026827946478067','BEFM810430RT9FS008000212','PLAYA DEL CARMEN, QUINTANA ROO','2017-06-22','assets/imagenes/asesores/4MONSERRAT_BELTRAN.jpg','2017-06-27',''),(213,'YARINA ELIEZER ','VIOLANTE','MARTINEZ ','VIMY690916DV4',1,'008','GONZALO GUERRERO','5TA. AVE. NORTE ENTRE CALLES 34 Y 38','04','','LOTE 007-1','77710','9848064760','','yviolante@sirrivieramaya.com','',0,31,'72082322486478074','VIMY690916DV4FS008000213','PLAYA DEL CARMEN, QUINTANA ROO','2017-06-22','assets/imagenes/asesores/5YARINA_VIOLANTE.jpg','2017-06-27',''),(215,'VICTOR IVAN','EBERGENYI','MAGALONI','EEMV4901057Y7',1,'008','PLAYACAR FASE II','AV. BALAMKANCHE, LOCAL 13','30','','LOTE 02','77703','9981002346','','iemagaloni@gmail.com','72015881506478847',0,31,'72015885316478456','EEMV4901057Y7FS008000215','PLAYA DEL CARMEN, QUINTANA ROO','2017-06-22','assets/imagenes/asesores/8VICTOR_EBERGENYI.JPG','2017-06-27',''),(216,'ELIZABETH','VILLALOBOS','CASTAÑEDA','VICE7901114H0',1,'001','ANDRES QUINTANA ROO','CALLE 13 ENTRE 15 Y 15 BIS','','','300','77663','9875645200','','elivillaloboscastaneda@gmail.com','',0,31,'72031022476478015','VICE7901114H0FS001000216','COZUMEL, QUINTANA ROO','2017-06-22','assets/imagenes/asesores/10ELIZABETH_VILLALOBOS.jpg','2017-06-27',''),(217,'HECTOR RENE','PAZ','LORETO','PALH81503UG5',1,'008','REAL IBIZA','PRIV. ARIANY','11','203-AD 2','LOTE 06','77723','9841074387','','reneloretobr@gmail.com','',0,31,'72015886056478034','PALH81503UG5FS008000217','PLAYA DEL CARMEN, QUINTANA ROO','2017-06-22','assets/imagenes/asesores/11HECTOR_PAZLORETO.jpg','2017-06-27',''),(218,'SAMY','SUTTON','ASKENAZI','AESS680218365',1,'005','CENTRO','AV. BONAMPAK, DOMUS 106-107','01','','LOCAL 105','77500','998853135','','samyaskenazi@gmail.com, legal.nolasco@gmail.com','',0,31,'72026839996478078','AESS680218365FS005000218','CANCÚN, QUINTANA ROO','2017-06-26','assets/imagenes/asesores/15SAMY_ASKENAZI.jpg','2017-06-27',''),(219,'ADRIAN','HERNANDEZ','MALDONADO','HEMA5910192D7',1,'008','PUERTO AVENTURAS','CHETUMAL KM. 269, PLANO 2, TORRE A','02','200','LOTE 7','','9848769786','','pakaalnet@gmail.com','',0,31,'72082340826478064','HEMA5910192D7FS008000219','PLAYA DEL CARMEN, QUINTANA ROO','2017-06-26','assets/imagenes/asesores/16ADRIAN_HDEZ.jpg','2017-06-27',''),(220,'ASOCIACION MEXICANA DE PROFESIONALES INMOBILIARIOS COZUMEL  A.C. ','','','MPI9811247K7',3,'001','ANDRES QUINTANA ROO','10 AVE. SUR, ENTRE 17 Y 19','','','1199','77663','9871019850','','rita@cozumelcapital.com','',0,31,'72031022336478055','MPI9811247K7AI001000220','COZUMEL, QUINTANA ROO','2017-06-26','assets/imagenes/asesores/17AMPI_COZUMEL.jpg','2017-06-27',''),(221,'RITA ','BALTIS','SHEESE','BANR450402RL4',1,'001','CENTRO','CALLE 5 SUR ESQUINA AV. 5 SUR','','','400','77601','9878720202','','rita@cozumelcapital.com','',0,31,'72031028806478092','BANR450402RL4FS001000221','COZUMEL, QUINTANA ROO','2017-06-26','assets/imagenes/asesores/18RITA_BALTIS.jpg','2017-06-27',''),(222,'COZUMEL CAPITAL S. DE R.L. DE C.V.','','','CCA080820ML2',2,'001','CENTRO','CALLE 5 SUR ESQUINA AV. 5 SUR','','','400','77601','9878720202','','rita@cozumelcapital.com','REP. LEGAL RITA BALTIS SHEESE',0,31,'72031023176478090','CCA080820ML2MR001000222','COZUMEL, QUINTANA ROO','2017-06-26','assets/imagenes/asesores/19COZUMEL_CAPITAL.jpg','2017-06-27',''),(223,'LETICIA ELENA ','ALVAREZ','ECHAURI','AAEL631008AW9',1,'008','PLAYACAR FASE II','AV. BALAMKANCHE, LOCAL 13','30','','LOTE 02','77710','9982622600','','lea.alva.e@gmail.com','PAGO MAT. Y ACRED PARCIAL 72015927206478819',0,31,'72015927186478450','AAEL631008AW9FS008000223','PLAYA DEL CARMEN, QUINTANA ROO','2017-06-26','assets/imagenes/asesores/20LETICIA_ALVAREZ.jpg','2017-06-27',''),(224,'OLGA ALICIA','BLANCO ','GARCIA','BAGO690109S37',1,'008','CENTRO','CALLE 4 ENTRE 25 Y 30','','','211','','9841134202','','olgaliciablanco1@gmail.com','',0,31,'72082329816478071','BAGO690109S37FS008000224','PLAYA DEL CARMEN, QUINTANA ROO','2017-06-26','assets/imagenes/asesores/21OLGA_ALICIABLANCO.jpg','2017-06-27',''),(225,'VANESSA','MENDOZA ','MORETT ','MEMV810328LB2',1,'005','CENTRO','AV. BONAMPAK 3, DOMUS 106-107 ','01','','LOCAL 105','775000','998885313','','vanessamendozamorett@gmail.com, legal.nolasco@gmail.com','',0,31,'72026903636508028','MEMV810328LB2FS005000225','CANCÚN, QUINTANA ROO','2017-06-26','assets/imagenes/asesores/22vanessa_MENDOZA.jpg','2017-06-27',''),(226,'SERGIO ARTURO','OSUNZA','POOT','OUPS700206DE2',1,'008','PLAYACAR FASE II','RETORNO EDZNA, LOCAL 02','19','','LOTE 08','','9848078497','','sergioosunza@gmail.com','',0,31,'72015976796508073','OUPS700206DE2FS008000226','PLAYA DEL CARMEN, QUINTANA ROO','2017-06-26','assets/imagenes/asesores/23sergio_OSUNZA.jpg','2017-06-27',''),(227,'PRIVATE VIP DIVING S.A. DE C.V.','','','PVD130211Q84',2,'008','EJIDAL','CERRADA 9 SUR','10-E','003','LOTE 2C','','9848070936','','info@playadelcarmencondos.com.mx','REP. LEGAL FRANCOIS BIZIER BRIERE',0,31,'72082365306508097','PVD130211Q84MR008000227','PLAYA DEL CARMEN, QUINTANA ROO','2017-06-26','assets/imagenes/asesores/24PRIVATE_VIP.jpeg','2017-06-27',''),(228,'MULLER PROPERTIES S.A. DE C.V.','','','MPR070725R49',2,'008','CENTRO','1RA NORTE ESQUINA CALLE 28, LOTE 01','69','','LOCAL 1-A','77710','9848032773','','sales@playatulumrealty.com','REP. LEGAL LILIA MARTHA CISNEROS MULLER',0,31,'72082368706508006','MPR070725R49MR008000228','PLAYA DEL CARMEN, QUINTANA ROO','2017-06-26','assets/imagenes/asesores/27MULLER_PROPERTIES.jpg','2017-06-27',''),(229,'EDITH','GUAY','','GUED590719Q34',1,'008','GONZALO GUERRERO','CALLE MARGARITAS ','43','','LOTE 01','77710','9841272058','','edithguay40@hotmail.com','',0,31,'72015992466508068','GUED590719Q34FS008000229','PLAYA DEL CARMEN, QUINTANA ROO','2017-06-26','assets/imagenes/asesores/28EDITH_GUAY.JPG','2017-06-27',''),(230,'LUIS FERNANDO','RUIZ','GUTIERREZ','RUGL750530CZ8',1,'008','PLAYACAR FASE II','RETORNO AKAB EDIF. E','18','3-E','LOTE 05','77710','9841575489','','fer99ruiz@hotmail.com','',0,31,'72082380816508029','RUGL750530CZ8FS008000230','PLAYA DEL CARMEN, QUINTANA ROO','2017-06-26','assets/imagenes/asesores/30LUIS_RUIZGUTIE.jpg','2017-06-27',''),(231,'DIEGO','GARCIA','GUZMAN','GAGD7512188Q9',1,'008','CENTRO','AVENIDA 10 ESQUINA 14 BIS, LOTE 02','38','','250','77710','9848032582','','diego@moskitopm.com','',0,31,'72082233276416019','GAGD7512188Q9FS008000231','PLAYA DEL CARMEN, QUINTANA ROO','2017-06-26','assets/imagenes/asesores/31DIEGO_GARCIA.jpg','2017-06-27',''),(232,'MARIA YOLANDA','VON HAUSKE','BARRAGAN','HABY530704LV1',1,'005','FRACC. REAL KABAH','AV. KABAH, EDIFICIO 12, DEPTO 201, SM 38','9','','L-2','77509','9988480162','','yolvonhauske@gmail.com, legal.nolasco@gmail.com','',0,31,'72026974436508055','HABY530704LV1FS005000232','CANCÚN, QUINTANA ROO','2017-07-06','assets/imagenes/asesores/1YOLANDA_VONHAUSKE.jpg','2017-07-07',''),(233,'LAURE MELANIE ','KOLTUNSKI','','KOLA740708BG8',1,'008','PLAYACAR FASE II','PASEO XAMAN HA, VILLA 7','24','','L-01','77710','9841465120','','laure.cheurlin@gmail.com','',0,31,'72082385076508076','KOLA740708BG8FS008000233','PLAYA DEL CARMEN, QUINTANA ROO','2017-07-06','assets/imagenes/asesores/2LAURE_KOLTUNSKI.JPG','2017-07-07',''),(234,'BRIONY','ROMAN','MARTINEZ','ROMB710731JL7',1,'008','GONZALO GUERRERO','CALLE 22, ENTRE 25 Y 30','36','','V-4','77710','9841366099','','rmplaya@gmail.com','',0,31,'72082383546508074','ROMB710731JL7FS008000234','PLAYA DEL CARMEN, QUINTANA ROO','2017-07-06','assets/imagenes/asesores/3BRIONY_ROMAN.jpg','2017-07-07',''),(235,'GONZALO SALVADOR ','DE ORDUÑA','ORTEGA','OUOG730529DC6',1,'008','PUERTO AVENTURAS','CDA. BARRACUDA ESQ. AV. SOL (PUERTO MAYA)','4','','L-07','77734','9841394212','','gdeordunabr@gmail.com','',0,31,'72016021976508089','OUOG730529DC6FS008000235','PLAYA DEL CARMEN, QUINTANA ROO','2017-07-06','assets/imagenes/asesores/4ORDU_ORTEGA.jpg','2017-07-07',''),(236,'FEDERICO GUILLERMO ','BARTON','GUAJARDO','BAGF530306U18',1,'008','CENTRO','1ERA. 45 Y CARRETERA FEDERAL, LOCAL 06','28','','L-06','77710','9841378683','','bartonfederico@gmail.com','',0,31,'72082399266508081','BAGF530306U18FS008000236','PLAYA DEL CARMEN, QUINTANA ROO','2017-07-06','assets/imagenes/asesores/5FEDERICO_BARTON.jpg','2017-07-07',''),(237,'ROSALIA','COSIO','PUC','COPR850201U94',1,'005','SMZA 48','CALLE PALMA ARCEA 37, EDIFICIO 37, DEPTO A-1','04','','L-05','77506','9981523817','','rosalia@preferredrealestate.com.mx ,  rosalia.cosio@gmail.com','',0,31,'72026935686508077','COPR850201U94FS005000237','CANCÚN, QUINTANA ROO','2017-07-06','assets/imagenes/asesores/8ROSALIA_COSIO.jpg','2017-07-07',''),(238,'1234 MEXICO S.A. DE C.V. ','','','MDT1404168J9',2,'008','ZAZIL-HA','5TA.  AVENIDA ENTRE  CALLE 40 Y 42','143','','L-04','77710','9845936306','','info@cocobeachrentals.com','REP. LEGAL MATHIEU JOSEPH LUCIEN LAINE',0,31,'72082324266478060','MDT1404168J9MR008000238','PLAYA DEL CARMEN, QUINTANA ROO','2017-07-06','assets/imagenes/asesores/9_1234MEX.jpg','2017-07-07',''),(239,'HAROLD ANDREW ','JOHN','WELBOURNE','WEHA761116S68',1,'008','FRACC. PRIVANZA DEL MAR','CASA #135','55','','SM. 24','77700','9841331227','','andy@livingrivieramaya.com','',0,31,'72082404026540033','WEHA761116S68FS008000239','PLAYA DEL CARMEN, QUINTANA ROO','2017-07-06','assets/imagenes/asesores/10HAROLD_AND.jpg','2017-07-07',''),(240,'MARIA ESTELA ','BALMACEDA','LOJERO','BALE541019FK3',1,'005','SM. 57 RESIDENCIAL LAS AMERICAS','AVE. CABA, OFICINA 3','','','L 9-03','','9988924147','','ebalmaceda@balmacedabienesraices.com, legal.nolasco@gmail.com','',0,31,'72027007156540015','BALE541019FK3FS005000240','CANCÚN, QUINTANA ROO','2017-07-06','assets/imagenes/asesores/11ESTELA_BALMACEDA.jpg','2017-07-07','');
/*!40000 ALTER TABLE `asesores` ENABLE KEYS */;
UNLOCK TABLES;

--
-- Table structure for table `cat_municipios`
--

DROP TABLE IF EXISTS `cat_municipios`;
/*!40101 SET @saved_cs_client     = @@character_set_client */;
/*!40101 SET character_set_client = utf8 */;
CREATE TABLE `cat_municipios` (
  `cve_municipio` varchar(3) NOT NULL DEFAULT '',
  `nombre_municipio` varchar(48) DEFAULT '',
  `id_usuario` int(11) NOT NULL,
  PRIMARY KEY (`cve_municipio`)
) ENGINE=MyISAM DEFAULT CHARSET=utf8 PACK_KEYS=0;
/*!40101 SET character_set_client = @saved_cs_client */;

--
-- Dumping data for table `cat_municipios`
--

LOCK TABLES `cat_municipios` WRITE;
/*!40000 ALTER TABLE `cat_municipios` DISABLE KEYS */;
INSERT INTO `cat_municipios` VALUES ('001','COZUMEL',0),('002','FELIPE CARRILLO PUERTO',0),('003','ISLA MUJERES',0),('004','OTHÓN P. BLANCO',0),('005','BENITO JUÁREZ',0),('006','JOSÉ MARÍA MORELOS',0),('007','LÁZARO CÁRDENAS',0),('008','SOLIDARIDAD',0),('009','TULUM',0),('010','BACALAR',0),('011','PUERTO MORELOS',2);
/*!40000 ALTER TABLE `cat_municipios` ENABLE KEYS */;
UNLOCK TABLES;

--
-- Table structure for table `cat_tipo_persona`
--

DROP TABLE IF EXISTS `cat_tipo_persona`;
/*!40101 SET @saved_cs_client     = @@character_set_client */;
/*!40101 SET character_set_client = utf8 */;
CREATE TABLE `cat_tipo_persona` (
  `id_tipo_persona` int(11) unsigned NOT NULL AUTO_INCREMENT,
  `descripcion_tipo_persona` varchar(25) DEFAULT '',
  PRIMARY KEY (`id_tipo_persona`),
  UNIQUE KEY `id_tipo_persona` (`id_tipo_persona`)
) ENGINE=MyISAM AUTO_INCREMENT=4 DEFAULT CHARSET=utf8 PACK_KEYS=0;
/*!40101 SET character_set_client = @saved_cs_client */;

--
-- Dumping data for table `cat_tipo_persona`
--

LOCK TABLES `cat_tipo_persona` WRITE;
/*!40000 ALTER TABLE `cat_tipo_persona` DISABLE KEYS */;
INSERT INTO `cat_tipo_persona` VALUES (1,'FISICA'),(2,'MORAL'),(3,'ASESOR INMOBILIARIO');
/*!40000 ALTER TABLE `cat_tipo_persona` ENABLE KEYS */;
UNLOCK TABLES;

--
-- Table structure for table `cat_tipo_personas`
--

DROP TABLE IF EXISTS `cat_tipo_personas`;
/*!40101 SET @saved_cs_client     = @@character_set_client */;
/*!40101 SET character_set_client = utf8 */;
CREATE TABLE `cat_tipo_personas` (
  `id_tipo_persona` int(11) unsigned NOT NULL AUTO_INCREMENT,
  `descripcion_tipo_persona` varchar(25) DEFAULT '',
  `id_usuario` int(11) NOT NULL,
  PRIMARY KEY (`id_tipo_persona`),
  UNIQUE KEY `id_tipo_persona` (`id_tipo_persona`)
) ENGINE=MyISAM AUTO_INCREMENT=11 DEFAULT CHARSET=utf8 PACK_KEYS=0;
/*!40101 SET character_set_client = @saved_cs_client */;

--
-- Dumping data for table `cat_tipo_personas`
--

LOCK TABLES `cat_tipo_personas` WRITE;
/*!40000 ALTER TABLE `cat_tipo_personas` DISABLE KEYS */;
INSERT INTO `cat_tipo_personas` VALUES (1,'FISICA',0),(2,'MORAL',0),(3,'ASOCIACION INMOBILIARIA',2);
/*!40000 ALTER TABLE `cat_tipo_personas` ENABLE KEYS */;
UNLOCK TABLES;

--
-- Table structure for table `cursos`
--

DROP TABLE IF EXISTS `cursos`;
/*!40101 SET @saved_cs_client     = @@character_set_client */;
/*!40101 SET character_set_client = utf8 */;
CREATE TABLE `cursos` (
  `id_curso` int(11) NOT NULL AUTO_INCREMENT,
  `descripcion` text NOT NULL,
  `año` mediumint(4) NOT NULL,
  `id_usuario` int(11) NOT NULL,
  PRIMARY KEY (`id_curso`)
) ENGINE=InnoDB AUTO_INCREMENT=10 DEFAULT CHARSET=latin1;
/*!40101 SET character_set_client = @saved_cs_client */;

--
-- Dumping data for table `cursos`
--

LOCK TABLES `cursos` WRITE;
/*!40000 ALTER TABLE `cursos` DISABLE KEYS */;
INSERT INTO `cursos` VALUES (9,'CURSO INMOBILIARIA',2015,29);
/*!40000 ALTER TABLE `cursos` ENABLE KEYS */;
UNLOCK TABLES;

--
-- Table structure for table `requisito_asesor`
--

DROP TABLE IF EXISTS `requisito_asesor`;
/*!40101 SET @saved_cs_client     = @@character_set_client */;
/*!40101 SET character_set_client = utf8 */;
CREATE TABLE `requisito_asesor` (
  `id_asesor` int(11) NOT NULL,
  `id_requisito` int(11) NOT NULL,
  PRIMARY KEY (`id_asesor`,`id_requisito`)
) ENGINE=InnoDB DEFAULT CHARSET=utf8 COLLATE=utf8_unicode_ci;
/*!40101 SET character_set_client = @saved_cs_client */;

--
-- Dumping data for table `requisito_asesor`
--

LOCK TABLES `requisito_asesor` WRITE;
/*!40000 ALTER TABLE `requisito_asesor` DISABLE KEYS */;
INSERT INTO `requisito_asesor` VALUES (1,2),(1,7),(1,10),(1,11),(6,2),(6,11),(7,2),(7,7),(7,10),(7,11),(7,12),(7,13),(7,14),(7,16),(8,7),(8,10),(8,11),(8,12),(8,13),(9,2),(9,7),(9,10),(9,11),(9,12),(9,13),(9,14),(9,16),(10,2),(10,11),(10,17),(10,18),(10,19),(11,2),(11,7),(11,10),(11,11),(11,12),(11,13),(11,14),(11,16),(12,2),(12,7),(12,10),(12,11),(12,12),(12,13),(12,14),(12,16),(13,2),(13,7),(13,10),(13,11),(13,12),(13,13),(13,14),(13,16),(14,2),(14,7),(14,10),(14,11),(14,12),(14,13),(14,14),(14,16),(15,2),(15,7),(15,10),(15,11),(15,12),(15,13),(15,14),(15,16),(16,2),(16,7),(16,10),(16,11),(16,12),(16,13),(16,14),(16,16),(17,2),(17,7),(17,10),(17,11),(17,12),(17,13),(17,14),(17,16),(18,2),(18,7),(18,10),(18,11),(18,12),(18,13),(18,14),(18,16),(19,2),(19,7),(19,10),(19,11),(19,12),(19,13),(19,14),(19,16),(20,2),(20,7),(20,10),(20,11),(20,12),(20,13),(20,14),(20,16),(21,2),(21,3),(21,4),(21,5),(21,6),(21,7),(21,8),(21,9),(22,2),(22,3),(22,4),(22,5),(22,6),(22,7),(22,8),(22,9),(23,2),(23,3),(23,4),(23,5),(23,6),(23,7),(23,8),(23,9),(24,2),(24,3),(24,4),(24,5),(24,6),(24,7),(24,8),(24,9),(25,2),(25,3),(25,4),(25,5),(25,6),(25,7),(25,8),(25,9),(26,2),(26,3),(26,4),(26,5),(26,6),(26,7),(26,8),(26,9),(27,2),(27,3),(27,4),(27,5),(27,6),(27,7),(27,8),(27,9),(28,2),(28,3),(28,4),(28,5),(28,6),(28,7),(28,8),(28,9),(29,2),(29,3),(29,4),(29,5),(29,6),(29,7),(29,8),(29,9),(30,2),(30,3),(30,4),(30,5),(30,6),(30,7),(30,8),(30,9),(31,2),(31,3),(31,4),(31,5),(31,6),(31,7),(31,8),(31,9),(32,2),(32,3),(32,4),(32,5),(32,6),(32,7),(32,8),(32,9),(33,2),(33,3),(33,4),(33,5),(33,6),(33,7),(33,8),(33,9),(34,2),(34,3),(34,4),(34,5),(34,6),(34,7),(34,8),(34,9),(35,2),(35,3),(35,4),(35,5),(35,6),(35,7),(35,8),(35,9),(36,2),(36,3),(36,4),(36,5),(36,6),(36,7),(36,8),(36,9),(37,2),(37,3),(37,4),(37,5),(37,6),(37,7),(37,8),(37,9),(38,2),(38,3),(38,4),(38,5),(38,6),(38,7),(38,8),(38,9),(40,2),(40,3),(40,4),(40,5),(40,6),(40,7),(40,8),(40,9),(42,2),(42,3),(42,4),(42,5),(42,6),(42,7),(42,8),(42,9),(43,2),(43,3),(43,4),(43,5),(43,6),(43,7),(43,8),(43,9),(44,2),(44,3),(44,4),(44,5),(44,6),(44,7),(44,8),(44,9),(45,2),(45,3),(45,4),(45,5),(45,6),(45,7),(45,8),(45,9),(46,2),(46,3),(46,4),(46,5),(46,6),(46,7),(46,8),(46,9),(47,2),(47,3),(47,4),(47,5),(47,6),(47,7),(47,9),(48,2),(48,3),(48,4),(48,5),(48,6),(48,7),(48,8),(48,9),(49,2),(49,3),(49,4),(49,5),(49,6),(49,7),(49,8),(49,9),(50,2),(50,3),(50,4),(50,5),(50,6),(50,7),(50,8),(50,9),(51,2),(51,3),(51,4),(51,5),(51,6),(51,7),(51,8),(51,9),(52,2),(52,3),(52,4),(52,5),(52,6),(52,7),(52,8),(52,9),(53,2),(53,3),(53,4),(53,5),(53,6),(53,7),(53,8),(53,9),(54,2),(54,3),(54,4),(54,5),(54,6),(54,7),(54,8),(54,9),(55,2),(55,3),(55,4),(55,5),(55,6),(55,7),(55,8),(55,9),(56,2),(56,3),(56,4),(56,5),(56,6),(56,7),(56,8),(56,9),(57,2),(57,3),(57,4),(57,5),(57,6),(57,7),(57,8),(57,9),(58,2),(58,11),(58,17),(58,18),(58,19),(59,2),(59,3),(59,4),(59,5),(59,6),(59,7),(59,8),(59,9),(60,2),(60,3),(60,4),(60,5),(60,6),(60,7),(60,8),(60,9),(61,2),(61,3),(61,4),(61,5),(61,6),(61,7),(61,8),(61,9),(62,2),(62,3),(62,4),(62,5),(62,6),(62,7),(62,8),(62,9),(63,2),(63,3),(63,4),(63,5),(63,6),(63,7),(63,8),(63,9),(64,2),(64,3),(64,4),(64,5),(64,6),(64,7),(64,8),(64,9),(65,2),(65,3),(65,4),(65,5),(65,6),(65,7),(65,8),(66,2),(66,3),(66,4),(66,5),(66,6),(66,7),(66,8),(66,9),(67,2),(67,3),(67,4),(67,5),(67,6),(67,7),(67,8),(67,9),(68,2),(68,3),(68,4),(68,5),(68,6),(68,7),(68,8),(68,9),(69,2),(69,3),(69,4),(69,5),(69,6),(69,7),(69,8),(69,9),(70,2),(70,3),(70,4),(70,5),(70,6),(70,7),(70,8),(70,9),(71,2),(71,3),(71,4),(71,5),(71,6),(71,7),(71,8),(71,9),(72,2),(72,3),(72,4),(72,5),(72,6),(72,7),(72,8),(72,9),(73,2),(73,3),(73,4),(73,5),(73,6),(73,7),(73,8),(73,9),(74,2),(74,7),(74,10),(74,11),(74,12),(74,13),(74,14),(74,16),(75,2),(75,7),(75,10),(75,11),(75,12),(75,13),(75,14),(75,16),(76,2),(76,7),(76,10),(76,11),(76,12),(76,13),(76,14),(76,16),(77,2),(77,7),(77,10),(77,11),(77,12),(77,13),(77,14),(77,16),(78,2),(78,3),(78,4),(78,5),(78,6),(78,7),(78,8),(78,9),(79,2),(79,3),(79,4),(79,5),(79,6),(79,7),(79,8),(79,9),(80,2),(80,3),(80,4),(80,5),(80,6),(80,7),(80,8),(80,9),(81,2),(81,3),(81,4),(81,5),(81,6),(81,7),(81,8),(81,9),(82,2),(82,7),(82,10),(82,11),(82,12),(82,13),(82,14),(82,16),(83,2),(83,7),(83,10),(83,11),(83,12),(83,13),(83,14),(83,16),(84,2),(84,7),(84,10),(84,11),(84,12),(84,13),(84,14),(84,16),(85,2),(85,3),(85,4),(85,5),(85,6),(85,7),(85,8),(85,9),(86,2),(86,3),(86,4),(86,5),(86,6),(86,7),(86,8),(86,9),(87,2),(87,3),(87,4),(87,5),(87,6),(87,7),(87,8),(87,9),(88,2),(88,3),(88,4),(88,5),(88,6),(88,7),(88,8),(88,9),(89,2),(89,3),(89,4),(89,5),(89,6),(89,7),(89,8),(89,9),(90,2),(90,3),(90,4),(90,5),(90,6),(90,7),(90,8),(90,9),(91,2),(91,3),(91,4),(91,5),(91,6),(91,7),(91,8),(91,9),(92,2),(92,7),(92,10),(92,11),(92,12),(92,13),(92,14),(92,16),(93,2),(93,7),(93,10),(93,11),(93,12),(93,13),(93,14),(93,16),(94,2),(94,3),(94,4),(94,5),(94,6),(94,7),(94,8),(94,9),(95,2),(95,3),(95,4),(95,5),(95,6),(95,7),(95,8),(95,9),(96,2),(96,3),(96,4),(96,5),(96,6),(96,7),(96,8),(96,9),(97,2),(97,3),(97,4),(97,5),(97,6),(97,7),(97,8),(97,9),(98,2),(98,3),(98,4),(98,5),(98,6),(98,7),(98,8),(98,9),(99,2),(99,3),(99,4),(99,5),(99,6),(99,7),(99,8),(99,9),(100,2),(100,3),(100,4),(100,5),(100,6),(100,7),(100,8),(100,9),(101,2),(101,3),(101,4),(101,5),(101,6),(101,7),(101,8),(101,9),(102,2),(102,7),(102,10),(102,11),(102,12),(102,13),(102,14),(102,16),(103,2),(103,3),(103,4),(103,5),(103,6),(103,7),(103,8),(103,9),(104,2),(104,7),(104,10),(104,11),(104,12),(104,13),(104,14),(104,16),(105,2),(105,3),(105,4),(105,5),(105,6),(105,7),(105,8),(105,9),(106,2),(106,3),(106,4),(106,5),(106,6),(106,7),(106,8),(106,9),(107,2),(107,7),(107,10),(107,11),(107,12),(107,13),(107,14),(107,16),(108,2),(108,3),(108,4),(108,5),(108,6),(108,7),(108,8),(108,9),(109,2),(109,3),(109,4),(109,5),(109,6),(109,7),(109,8),(109,9),(110,2),(110,3),(110,4),(110,5),(110,6),(110,7),(110,8),(110,9),(112,2),(112,3),(112,4),(112,5),(112,6),(112,7),(112,8),(112,9),(113,2),(113,3),(113,4),(113,5),(113,6),(113,7),(113,8),(113,9),(114,2),(114,3),(114,4),(114,5),(114,6),(114,7),(114,8),(114,9),(115,2),(115,3),(115,4),(115,5),(115,6),(115,7),(115,8),(115,9),(117,2),(117,3),(117,4),(117,5),(117,6),(117,7),(117,8),(117,9),(118,2),(118,3),(118,4),(118,5),(118,6),(118,7),(118,8),(118,9),(119,2),(119,3),(119,4),(119,5),(119,6),(119,7),(119,8),(119,9),(120,2),(120,3),(120,4),(120,5),(120,6),(120,7),(120,8),(120,9),(122,2),(122,3),(122,4),(122,5),(122,6),(122,7),(122,8),(122,9),(123,2),(123,3),(123,4),(123,5),(123,6),(123,7),(123,8),(123,9),(124,2),(124,3),(124,4),(124,5),(124,6),(124,7),(124,8),(124,9),(125,2),(125,3),(125,4),(125,5),(125,6),(125,7),(125,8),(125,9),(126,2),(126,3),(126,4),(126,5),(126,6),(126,7),(126,8),(126,9),(127,2),(127,3),(127,4),(127,5),(127,6),(127,7),(127,8),(127,9),(128,2),(128,3),(128,4),(128,5),(128,6),(128,7),(128,8),(128,9),(129,2),(129,3),(129,4),(129,5),(129,6),(129,7),(129,8),(129,9),(130,2),(130,3),(130,4),(130,5),(130,6),(130,7),(130,8),(130,9),(131,2),(131,3),(131,4),(131,5),(131,6),(131,7),(131,8),(131,9),(132,2),(132,7),(132,10),(132,11),(132,12),(132,13),(132,14),(132,16),(133,2),(133,3),(133,4),(133,5),(133,6),(133,7),(133,8),(133,9),(134,2),(134,3),(134,4),(134,5),(134,6),(134,7),(134,8),(134,9),(135,2),(135,3),(135,4),(135,5),(135,6),(135,7),(135,8),(135,9),(136,2),(136,3),(136,4),(136,5),(136,6),(136,7),(136,8),(136,9),(137,2),(137,7),(137,10),(137,11),(137,12),(137,13),(137,14),(137,16),(138,2),(138,7),(138,10),(138,11),(138,12),(138,13),(138,14),(138,16),(139,2),(139,3),(139,4),(139,5),(139,6),(139,7),(139,8),(139,9),(140,2),(140,3),(140,4),(140,5),(140,6),(140,7),(140,8),(140,9),(141,2),(141,7),(141,10),(141,11),(141,12),(141,13),(141,14),(141,16),(142,2),(142,11),(142,17),(142,18),(142,19),(143,2),(143,7),(143,10),(143,11),(143,12),(143,13),(143,14),(143,16),(144,2),(144,3),(144,4),(144,5),(144,6),(144,7),(144,8),(144,9),(145,2),(145,3),(145,4),(145,5),(145,6),(145,7),(145,8),(145,9),(146,2),(146,3),(146,4),(146,5),(146,6),(146,7),(146,8),(146,9),(147,2),(147,3),(147,4),(147,5),(147,6),(147,7),(147,8),(147,9),(148,2),(148,3),(148,4),(148,5),(148,6),(148,7),(148,8),(148,9),(149,2),(149,3),(149,4),(149,5),(149,6),(149,7),(149,8),(149,9),(150,2),(150,3),(150,4),(150,5),(150,6),(150,7),(150,8),(150,9),(151,2),(151,3),(151,4),(151,5),(151,6),(151,7),(151,8),(151,9),(152,2),(152,3),(152,4),(152,5),(152,6),(152,7),(152,8),(152,9),(153,2),(153,3),(153,4),(153,5),(153,6),(153,7),(153,8),(153,9),(154,2),(154,3),(154,4),(154,5),(154,6),(154,7),(154,8),(154,9),(155,2),(155,3),(155,4),(155,5),(155,6),(155,7),(155,8),(155,9),(156,2),(156,3),(156,4),(156,5),(156,6),(156,7),(156,8),(156,9),(157,2),(157,3),(157,4),(157,5),(157,6),(157,7),(157,8),(157,9),(158,2),(158,3),(158,4),(158,5),(158,6),(158,7),(158,8),(158,9),(159,2),(159,3),(159,4),(159,5),(159,6),(159,7),(159,8),(159,9),(160,2),(160,3),(160,4),(160,5),(160,6),(160,7),(160,8),(160,9),(161,2),(161,3),(161,4),(161,5),(161,6),(161,7),(161,8),(161,9),(162,2),(162,3),(162,4),(162,5),(162,6),(162,7),(162,8),(162,9),(163,2),(163,3),(163,4),(163,5),(163,6),(163,7),(163,8),(163,9),(164,2),(164,3),(164,4),(164,5),(164,6),(164,7),(164,8),(164,9),(165,2),(165,7),(165,10),(165,11),(165,12),(165,13),(165,14),(165,16),(166,2),(166,7),(166,10),(166,11),(166,12),(166,13),(166,14),(166,16),(167,2),(167,3),(167,4),(167,5),(167,6),(167,7),(167,8),(167,9),(168,2),(168,3),(168,4),(168,5),(168,6),(168,7),(168,8),(168,9),(169,2),(169,7),(169,10),(169,11),(169,12),(169,13),(169,14),(169,16),(170,2),(170,7),(170,10),(170,11),(170,12),(170,13),(170,14),(170,16),(171,2),(171,7),(171,10),(171,11),(171,12),(171,13),(171,14),(171,16),(172,2),(172,7),(172,10),(172,11),(172,12),(172,13),(172,14),(172,16),(173,2),(173,3),(173,4),(173,5),(173,6),(173,7),(173,8),(173,9),(174,2),(174,3),(174,4),(174,5),(174,6),(174,7),(174,8),(174,9),(175,2),(175,7),(175,10),(175,11),(175,12),(175,13),(175,14),(175,16),(176,2),(176,7),(176,10),(176,11),(176,12),(176,13),(176,14),(176,16),(177,2),(177,3),(177,4),(177,5),(177,6),(177,7),(177,8),(177,9),(178,2),(178,7),(178,10),(178,11),(178,12),(178,13),(178,14),(178,16),(179,2),(179,7),(179,10),(179,11),(179,12),(179,13),(179,14),(179,16),(180,2),(180,3),(180,4),(180,5),(180,6),(180,7),(180,8),(180,9),(181,2),(181,3),(181,4),(181,5),(181,6),(181,7),(181,8),(181,9),(182,2),(182,3),(182,4),(182,5),(182,6),(182,7),(182,8),(182,9),(183,2),(183,3),(183,4),(183,5),(183,6),(183,7),(183,8),(183,9),(184,2),(184,3),(184,4),(184,5),(184,6),(184,7),(184,8),(184,9),(185,2),(185,7),(185,10),(185,11),(185,12),(185,13),(185,14),(185,16),(186,2),(186,3),(186,4),(186,5),(186,6),(186,7),(186,8),(186,9),(187,2),(187,3),(187,4),(187,5),(187,6),(187,7),(187,8),(187,9),(188,2),(188,3),(188,4),(188,5),(188,6),(188,7),(188,8),(188,9),(189,2),(189,3),(189,4),(189,5),(189,6),(189,7),(189,8),(189,9),(190,2),(190,3),(190,4),(190,5),(190,6),(190,7),(190,8),(190,9),(191,2),(191,3),(191,4),(191,5),(191,6),(191,7),(191,8),(191,9),(192,2),(192,3),(192,4),(192,5),(192,6),(192,7),(192,8),(192,9),(193,2),(193,7),(193,10),(193,11),(193,12),(193,13),(193,14),(193,16),(194,2),(194,3),(194,4),(194,5),(194,6),(194,7),(194,8),(194,9),(195,2),(195,3),(195,4),(195,5),(195,6),(195,7),(195,8),(195,9),(196,2),(196,3),(196,4),(196,5),(196,6),(196,7),(196,8),(196,9),(197,2),(197,3),(197,4),(197,5),(197,6),(197,7),(197,8),(197,9),(198,2),(198,7),(198,10),(198,11),(198,12),(198,13),(198,14),(198,16),(199,2),(199,7),(199,10),(199,11),(199,12),(199,13),(199,14),(199,16),(200,2),(200,3),(200,4),(200,5),(200,6),(200,7),(200,8),(200,9),(201,2),(201,3),(201,4),(201,5),(201,6),(201,7),(201,8),(201,9),(202,2),(202,3),(202,4),(202,5),(202,6),(202,7),(202,8),(202,9),(203,2),(203,3),(203,4),(203,5),(203,6),(203,7),(203,8),(203,9),(204,2),(204,3),(204,4),(204,5),(204,6),(204,7),(204,8),(204,9),(205,2),(205,3),(205,4),(205,5),(205,6),(205,7),(205,8),(205,9),(206,2),(206,11),(206,17),(206,18),(206,19),(207,2),(207,3),(207,4),(207,5),(207,6),(207,7),(207,8),(207,9),(208,2),(208,3),(208,4),(208,5),(208,6),(208,7),(208,8),(208,9),(209,2),(209,3),(209,4),(209,5),(209,6),(209,7),(209,8),(209,9),(210,2),(210,3),(210,4),(210,5),(210,6),(210,7),(210,8),(210,9),(211,2),(211,3),(211,4),(211,5),(211,6),(211,7),(211,8),(211,9),(212,2),(212,3),(212,4),(212,5),(212,6),(212,7),(212,8),(212,9),(213,2),(213,3),(213,4),(213,5),(213,6),(213,7),(213,8),(213,9),(214,2),(214,3),(214,4),(214,5),(214,6),(214,7),(214,8),(214,9),(215,2),(215,3),(215,4),(215,5),(215,6),(215,7),(215,8),(215,9),(216,2),(216,3),(216,4),(216,5),(216,6),(216,7),(216,8),(216,9),(217,2),(217,3),(217,4),(217,5),(217,6),(217,7),(217,8),(217,9),(218,2),(218,3),(218,4),(218,5),(218,6),(218,7),(218,8),(218,9),(219,2),(219,3),(219,4),(219,5),(219,6),(219,7),(219,8),(219,9),(220,2),(220,11),(220,17),(220,18),(220,19),(221,2),(221,3),(221,4),(221,5),(221,6),(221,7),(221,8),(221,9),(222,2),(222,7),(222,10),(222,11),(222,12),(222,13),(222,14),(222,16),(223,2),(223,3),(223,4),(223,5),(223,6),(223,7),(223,8),(223,9),(224,2),(224,3),(224,4),(224,5),(224,6),(224,7),(224,8),(224,9),(225,2),(225,3),(225,4),(225,5),(225,6),(225,7),(225,8),(225,9),(226,2),(226,3),(226,4),(226,5),(226,6),(226,7),(226,8),(226,9),(227,2),(227,7),(227,10),(227,11),(227,12),(227,13),(227,14),(227,16),(228,2),(228,7),(228,10),(228,11),(228,12),(228,13),(228,14),(228,16),(229,2),(229,3),(229,4),(229,5),(229,6),(229,7),(229,8),(229,9),(230,2),(230,3),(230,4),(230,5),(230,6),(230,7),(230,8),(230,9),(231,2),(231,3),(231,4),(231,5),(231,6),(231,7),(231,8),(231,9),(232,2),(232,3),(232,4),(232,5),(232,6),(232,7),(232,8),(232,9),(233,2),(233,3),(233,4),(233,5),(233,6),(233,7),(233,8),(233,9),(234,2),(234,3),(234,4),(234,5),(234,6),(234,7),(234,8),(234,9),(235,2),(235,3),(235,4),(235,5),(235,6),(235,7),(235,8),(235,9),(236,2),(236,3),(236,4),(236,5),(236,6),(236,7),(236,8),(236,9),(237,2),(237,3),(237,4),(237,5),(237,6),(237,7),(237,8),(237,9),(238,2),(238,7),(238,10),(238,11),(238,12),(238,13),(238,14),(238,16),(239,2),(239,3),(239,4),(239,5),(239,6),(239,7),(239,8),(239,9),(240,2),(240,3),(240,4),(240,5),(240,6),(240,7),(240,8),(240,9);
/*!40000 ALTER TABLE `requisito_asesor` ENABLE KEYS */;
UNLOCK TABLES;

--
-- Table structure for table `requisito_tipo_persona`
--

DROP TABLE IF EXISTS `requisito_tipo_persona`;
/*!40101 SET @saved_cs_client     = @@character_set_client */;
/*!40101 SET character_set_client = utf8 */;
CREATE TABLE `requisito_tipo_persona` (
  `id` int(11) NOT NULL AUTO_INCREMENT,
  `tipo_persona_id` int(11) NOT NULL,
  `requisito_id` int(11) NOT NULL,
  PRIMARY KEY (`id`),
  UNIQUE KEY `tipo_persona_id` (`tipo_persona_id`,`requisito_id`)
) ENGINE=InnoDB AUTO_INCREMENT=65 DEFAULT CHARSET=latin1;
/*!40101 SET character_set_client = @saved_cs_client */;

--
-- Dumping data for table `requisito_tipo_persona`
--

LOCK TABLES `requisito_tipo_persona` WRITE;
/*!40000 ALTER TABLE `requisito_tipo_persona` DISABLE KEYS */;
INSERT INTO `requisito_tipo_persona` VALUES (29,1,2),(33,1,3),(34,1,4),(36,1,5),(47,1,6),(43,1,7),(48,1,8),(49,1,9),(50,2,2),(56,2,7),(51,2,10),(52,2,11),(53,2,12),(54,2,13),(55,2,14),(60,2,16),(59,3,2),(62,3,11),(61,3,17),(63,3,18),(64,3,19);
/*!40000 ALTER TABLE `requisito_tipo_persona` ENABLE KEYS */;
UNLOCK TABLES;

--
-- Table structure for table `requisitos`
--

DROP TABLE IF EXISTS `requisitos`;
/*!40101 SET @saved_cs_client     = @@character_set_client */;
/*!40101 SET character_set_client = utf8 */;
CREATE TABLE `requisitos` (
  `id_requisito` int(11) NOT NULL AUTO_INCREMENT,
  `descripcion` varchar(200) NOT NULL,
  `id_usuario` int(11) NOT NULL,
  PRIMARY KEY (`id_requisito`)
) ENGINE=InnoDB AUTO_INCREMENT=20 DEFAULT CHARSET=latin1;
/*!40101 SET character_set_client = @saved_cs_client */;

--
-- Dumping data for table `requisitos`
--

LOCK TABLES `requisitos` WRITE;
/*!40000 ALTER TABLE `requisitos` DISABLE KEYS */;
INSERT INTO `requisitos` VALUES (2,'SOLICITUD POR ESCRITO DE INSCRIPCION DIRIGIDO AL TITULAR DE LA SECRETARIA.',29),(3,'IDENTIFICACION OFICIAL VIGENTE CON FOTOGRAFIA',2),(4,'PRECISAR Y ACREDITAR LA UBICACION DE SU DOMICILIO ANEXANDO CROQUIS DE UBICACION ACTUALIZADO.',29),(5,'DEMOSTRAR CON LA CONSTANCIA DE ANTECEDENTES PENALES CORRESPONDIENTE, NO HABER COMETIDO O PARTICIPADO EN LA COMISION DE DELITOS PATRIMONIALES DOLOSOS',29),(6,'EN EL CASO DE PRIMERA INSCRIPCION A LA MATRICULA ACREDITAR DOCUMENTALMENTE A JUICIO DE LA SECRETARIA, SUS CONOCIMIENTOS Y EXPERIENCIA EN MATERIA INMOBILIARIA.',29),(7,'ACREDITAR SU REGISTRO FISCAL',2),(8,'EN EL CASO DE PERSONAS EXTRANJERAS, ACREDITAR SITUACION MIGRATORIA REGULAR Y PERMISO PARA LLEVAR A CABO ACTIVIDADES REMUNERADAS PRESENTANDO LOS DOCUEMNTOS QUE ASI LO ACREDITEN',29),(9,'ACEPTAR EXPRESADAMENTE CUMPLIR CON LA CAPACITACION A QUE SE REFIERE LA LEY, MISMA QUE SERá INDISPENSABLE PARA RENOVACIONES POSTERIORES DE LA MATRíCULA Y ACREDITACION RESPECTIVA.',29),(10,'COPIA CERTIFICADA DEL DOCUMENTO CONSTITUTIVO DE LA SOCIEDAD.',2),(11,'COPIA DE IDENTIFICACION OFICIAL VIGENTE CON FOTOGRAFIA DEL REPRESENTANTE LEGAL.',29),(12,'COPIA CERTIFICADA DEL PODER NOTARIAL DEL REPRESENTANTE LEGAL.',2),(13,'PRECISAR Y ACREDITAR LA UBICACION DE SU DOMICILIO PRINCIPAL, Y EN SU CASO, DE LAS SUCURSALES ANEXANDO CROQUIS DE UBICACIóN.',29),(14,'PRESENTAR UN LISTADO DE LAS PERSONAS FISICAS QUE COMO ASESORES INMOBILIARIOS PRESTAN ESOS SERVICIOS EN NOMBRE DE LA PERSONA JURIDICA MISMOS DE LOS QUE SERA DIRECTAMENTE RESPONSABLE ',29),(15,'ACREDITAR SU REGISTRO FISCAL.',29),(16,'ACEPTAR EXPRESADAMENTE QUE LOS ASESORES INMOBILIARIOS QUE VAYAN  A PRESTAR SERVICIOS INMOBILIARIOS EN ELLA,  CUMPLIRáN CON LA CAPACITACIóN, MISMA QUE SERá INDISPENSABLE PARA RENOVACIONES POSTERIORES D',29),(17,'ESCRITURA CONSTITUTIVA Y ESTATUS DE LA ASOCIACION',2),(18,'PODER NOTARIAL DEL REPRESENTANTE O APODERADO LEGAL',2),(19,'PRECISAR Y ACREDITAR LA UBICACION DE SU DOMICILIO PRINCIPAL EN EL ESTADO, ASI COMO EN SU CASO DE LAS SUCURSALES ANEXANDO CROQUIS DE UBICACIóN ACTUALIZADO',29);
/*!40000 ALTER TABLE `requisitos` ENABLE KEYS */;
UNLOCK TABLES;

--
-- Table structure for table `usuarios`
--

DROP TABLE IF EXISTS `usuarios`;
/*!40101 SET @saved_cs_client     = @@character_set_client */;
/*!40101 SET character_set_client = utf8 */;
CREATE TABLE `usuarios` (
  `id` int(11) unsigned NOT NULL AUTO_INCREMENT,
  `nombre_usuario` varchar(85) DEFAULT '',
  `usuario` varchar(45) DEFAULT '',
  `password` varchar(254) DEFAULT NULL,
  `nivel_acceso` int(1) DEFAULT '0',
  `remember_token` varchar(100) NOT NULL,
  `active` int(11) NOT NULL,
  `email` varchar(80) NOT NULL,
  `src` varchar(100) NOT NULL,
  PRIMARY KEY (`id`),
  UNIQUE KEY `id_usuario` (`id`)
) ENGINE=MyISAM AUTO_INCREMENT=32 DEFAULT CHARSET=utf8 PACK_KEYS=0;
/*!40101 SET character_set_client = @saved_cs_client */;

--
-- Dumping data for table `usuarios`
--

LOCK TABLES `usuarios` WRITE;
/*!40000 ALTER TABLE `usuarios` DISABLE KEYS */;
INSERT INTO `usuarios` VALUES (2,'Rafael Mendez Asencio','rmendez1972','$2y$10$muFGhHh4fXeImvoYsmJ5rupVfcI0T/UX.WH7NySKCFb7N9Y9eNzpO',1,'dqU9CrnnYR9YXBVHqQODJjjeHlhSjO3vz99e0Gkr3jDihvBX6AjKIfafZ3zD',1,'user@mail.com','assets/imagenes/avatars/Mexico.png'),(29,'Rodrigo Borja Villanueva','rodrigoseduvi','$2y$10$9bs/3DpxEmJILVa.75qghuXLHiru06lYhrsRIOCaGEApEHuRGyXNW',1,'uiaVHuelAjN5DwoNYBRHHN36icjYNo2nBBZSr3d9prvBb1TxsoeJm4Qfnx5p',1,'rodrigo.seduvi@gmail.com','assets/imagenes/avatars/rodobor.jpg'),(30,'LUIS ANDRES ALONZO ALONZO','LAAA','$2y$10$88f1Dul0FE/VAqSkIBbWDet92GphsHHesWWGjEXsE4KUwNXTtg4nK',1,'yLmsRa0pwndjLrtnUPr6eOCLn3dSs7wtMott2qmp32oZev0ADU3WFnKr81f4',1,'andres.seduvi@gmail.com','assets/imagenes/avatars/vivienda.jpg'),(31,'EIDY CETZ','EIDYSEDUVI','$2y$10$h5317FXg2X0k5I.lAdXD/ubzm.aI8.hKHMWADDmBmwJvxWWs6y3j2',1,'MPGe8gSfRZFkRJt6UTc5ep7uBALeNhEsY1NvuhRGs40qyR6ZfDOj3PEWSNo8',1,'eidycetz.seduvi@gmail.com','assets/imagenes/avatars/Logo Gobierno Quintana Roo.JPG');
/*!40000 ALTER TABLE `usuarios` ENABLE KEYS */;
UNLOCK TABLES;
/*!40103 SET TIME_ZONE=@OLD_TIME_ZONE */;

/*!40101 SET SQL_MODE=@OLD_SQL_MODE */;
/*!40014 SET FOREIGN_KEY_CHECKS=@OLD_FOREIGN_KEY_CHECKS */;
/*!40014 SET UNIQUE_CHECKS=@OLD_UNIQUE_CHECKS */;
/*!40101 SET CHARACTER_SET_CLIENT=@OLD_CHARACTER_SET_CLIENT */;
/*!40101 SET CHARACTER_SET_RESULTS=@OLD_CHARACTER_SET_RESULTS */;
/*!40101 SET COLLATION_CONNECTION=@OLD_COLLATION_CONNECTION */;
/*!40111 SET SQL_NOTES=@OLD_SQL_NOTES */;

-- Dump completed on 2017-07-22 23:35:09
